Tên vật phẩm,Chỉ số cơ bản,Số lần nâng cấp,Yêu cầu,Phân loại,Job,Máy xổ số
Thuốc tiên,,,,Use,,Thị Trấn Xanh
Thuốc tiên lớn,,,,Use,,Thị Trấn Xanh
Bánh bí ngô,,,,Use,,Thị Trấn Xanh
Dưa hấu,,,,Use,,Thị Trấn Xanh
Cuộn giấy cung tăng tấn công vật lý 10%,10%,,,Scroll,,Thị Trấn Xanh
Cuộn giấy nỏ tăng tấn công vật lý 10%,10%,,,Scroll,,Thị Trấn Xanh
Cuộn giấy găng tay tăng tấn công vật lý 10%,10%,,,Scroll,,Thị Trấn Xanh
(Quỷ) Cuộn giấy cung tăng tấn công vật lý 30%,30%,,,Scroll,,Thị Trấn Xanh
(Quỷ) Cuộn giấy nỏ tăng tấn công vật lý 30%,30%,,,Scroll,,Thị Trấn Xanh
(Quỷ) Cuộn giấy găng tay tăng tấn công vật lý 30%,30%,,,Scroll,,Thị Trấn Xanh
Cuộn giấy cung tăng tấn công vật lý 60%,60%,,,Scroll,,Thị Trấn Xanh
Cuộn giấy nỏ tăng tấn công vật lý 60%,60%,,,Scroll,,Thị Trấn Xanh
Cuộn giấy găng tay tăng tấn công vật lý 60%,60%,,,Scroll,,Thị Trấn Xanh
Cuộn giấy áo choàng tăng tấn công pháp thuật 60%,60%,,,Scroll,,Thị Trấn Xanh
(Quỷ) Cuộn giấy cung tăng tấn công vật lý 70%,70%,,,Scroll,,Thị Trấn Xanh
(Quỷ) Cuộn giấy nỏ tăng tấn công vật lý 70%,70%,,,Scroll,,Thị Trấn Xanh
(Quỷ) Cuộn giấy găng tay tăng tấn công vật lý 70%,70%,,,Scroll,,Thị Trấn Xanh
Advanced Equip Enhancement Scroll,,,,Scroll,,Thị Trấn Xanh
Ghế tính yêu,,,,Chair,,Thị Trấn Xanh
Ghế thư giãn,,,,Chair,,Thị Trấn Xanh
Ghế trăng sao,,,,Chair,,Thị Trấn Xanh
Ghế hải cẩu vàng,,,,Chair,,Thị Trấn Xanh
Nỏ quạ vàng,Tự vào game xem đi,7,Lười ghi bome,Vũ khí,Bowman,Thị Trấn Xanh
Nỏ én trắng,Tự vào game xem đi,7,Lười ghi bome,Vũ khí,Bowman,Thị Trấn Xanh
Dao nữ thần hủy diệt,Tự vào game xem đi,7,Lười ghi bome,Vũ khí,Thief,Thị Trấn Xanh
Cung chim ưng,Tự vào game xem đi,7,Lười ghi bome,Vũ khí,Bowman,Thị Trấn Xanh
Nỏ ngầm lam,Tự vào game xem đi,7,Lười ghi bome,Vũ khí,Bowman,Thị Trấn Xanh
Cung vẹt vàng,Tự vào game xem đi,7,Lười ghi bome,Vũ khí,Bowman,Thị Trấn Xanh
Nỏ én vàng,Tự vào game xem đi,7,Lười ghi bome,Vũ khí,Bowman,Thị Trấn Xanh
Nỏ ngầm lửa,Tự vào game xem đi,7,Lười ghi bome,Vũ khí,Bowman,Thị Trấn Xanh
Gậy phép sét,Tự vào game xem đi,7,LV: 70,Vũ khí,Magician,Thị Trấn Xanh
Nỏ quạ đen,Tự vào game xem đi,7,Lười ghi bome,Vũ khí,Bowman,Thị Trấn Xanh
Nỏ én đen,Tự vào game xem đi,7,Lười ghi bome,Vũ khí,Bowman,Thị Trấn Xanh
Nỏ thiện xạ,Tự vào game xem đi,7,Lười ghi bome,Vũ khí,Bowman,Thị Trấn Xanh
Nỏ quạ,Tự vào game xem đi,7,Lười ghi bome,Vũ khí,Bowman,Thị Trấn Xanh
Cung chim xanh,Tự vào game xem đi,7,Lười ghi bome,Vũ khí,Bowman,Thị Trấn Xanh
Găng chính xác đen,Tự vào game xem đi,5,Lười ghi bome,Găng tay,Bowman,Thị Trấn Xanh
Găng tay lao động nâu,Tự vào game xem đi,7,Lười ghi bome,Găng tay,FULL,Thị Trấn Xanh
Bộ pháo binh đen,Tự vào game xem đi,10,Lười ghi bome,Áo toàn thân,Bowman,Thị Trấn Xanh
Bộ xạ thủ đen,Tự vào game xem đi,10,Lười ghi bome,Áo toàn thân,Bowman,Thị Trấn Xanh
Trang phục nữ tướng đen,Tự vào game xem đi,10,Lười ghi bome,Áo toàn thân,Bowman,Thị Trấn Xanh
Áo khoác cánh xanh,Tự vào game xem đi,10,Lười ghi bome,Áo toàn thân,Bowman,Thị Trấn Xanh
Trang phục nữ thần săn bắn xanh,Tự vào game xem đi,10,Lười ghi bome,Áo toàn thân,Bowman,Thị Trấn Xanh
Mũ chim ưng đen,Tự vào game xem đi,7,Lười ghi bome,Mũ,Bowman,Thị Trấn Xanh
Đèn bí đỏ,Tự vào game xem đi,7,Lười ghi bome,Vũ khí,FULL,Thị Trấn Xanh
Cung tào tháo,Tự vào game xem đi,7,Lười ghi bome,Vũ khí,Bowman,Thị Trấn Xanh
Vuốt thép,Tự vào game xem đi,7,Lười ghi bome,Vũ khí,Thief,Thị Trấn Xanh
Nỏ rồng,Tự vào game xem đi,7,Lười ghi bome,Vũ khí,Bowman,Thị Trấn Xanh
Nỏ gỗ xéo,Tự vào game xem đi,7,Lười ghi bome,Vũ khí,Bowman,Thị Trấn Xanh
Nỏ chim vàng,Tự vào game xem đi,7,Lười ghi bome,Vũ khí,Bowman,Thị Trấn Xanh
Cung hủy diệt,Tự vào game xem đi,7,Lười ghi bome,Vũ khí,Bowman,Thị Trấn Xanh
Giày tiên đen,Tự vào game xem đi,5,Lười ghi bome,Giày,Bowman,Thị Trấn Xanh
Găng tay tinh tường đen,Tự vào game xem đi,5,Lười ghi bome,Găng tay,Bowman,Thị Trấn Xanh
Bộ vận mệnh đỏ,Tự vào game xem đi,10,Lười ghi bome,Áo toàn thân,Bowman,Thị Trấn Xanh
Bộ quân trang đen,Tự vào game xem đi,10,Lười ghi bome,Áo toàn thân,Bowman,Thị Trấn Xanh
Áo định mệnh sọc xanh,Tự vào game xem đi,10,Lười ghi bome,Áo toàn thân,Bowman,Thị Trấn Xanh
Trang phục nữ hiệp xanh,Tự vào game xem đi,10,Lười ghi bome,Áo toàn thân,Bowman,Thị Trấn Xanh
Mũ thợ săn đỏ,Tự vào game xem đi,7,Lười ghi bome,Mũ,Bowman,Thị Trấn Xanh
Khăn trùm đầu đỏ,Tự vào game xem đi,7,Lười ghi bome,Mũ,FULL,Thị Trấn Xanh
Khăn trùm đầu tím,Tự vào game xem đi,7,Lười ghi bome,Mũ,FULL,Thị Trấn Xanh
Khăn trùm đầu hồng,Tự vào game xem đi,7,Lười ghi bome,Mũ,FULL,Thị Trấn Xanh
Khăn trùm đầu xám,Tự vào game xem đi,7,Lười ghi bome,Mũ,FULL,Thị Trấn Xanh
Khăn trùm đầu xanh lục,Tự vào game xem đi,10,Lười ghi bome,Mũ,FULL,Thị Trấn Xanh
Khăn trùm đầu nâu,Tự vào game xem đi,7,Lười ghi bome,Mũ,FULL,Thị Trấn Xanh
Khăn trùm đầu xanh,Tự vào game xem đi,7,Lười ghi bome,Mũ,FULL,Thị Trấn Xanh
Mũ lông vũ đen,Tự vào game xem đi,7,Lười ghi bome,Mũ,Bowman,Thị Trấn Xanh
Mũ hoàng tộc đen,Tự vào game xem đi,7,Lười ghi bome,Mũ,Bowman,Thị Trấn Xanh
Khăn trùm đầu đen,Tự vào game xem đi,7,Lười ghi bome,Mũ,FULL,Thị Trấn Xanh
Thuốc tiên,,,,Use,,Rừng pháp thuật
Thuốc tiên lớn,,,,Use,,Rừng pháp thuật
Phô mai tan,,,,Use,,Rừng pháp thuật
Dưa hấu,,,,Use,,Rừng pháp thuật
Cuộn giấy găng tay tăng tấn công pháp thuật 10%,10%,,,Scroll,,Rừng pháp thuật
Cuộn giấy áo toàn thân tăng trí tuệ 10%,10%,,,Scroll,,Rừng pháp thuật
Cuộn giấy áo toàn thân tăng may mắn 10%,10%,,,Scroll,,Rừng pháp thuật
Cuộn giấy trượng tăng tấn công pháp thuật 10%,10%,,,Scroll,,Rừng pháp thuật
Cuộn giấy gậy phép tăng tấn công pháp thuật 10%,10%,,,Scroll,,Rừng pháp thuật
(Quỷ) Cuộn giấy găng tay tăng tấn công pháp thuật 30%,30%,,,Scroll,,Rừng pháp thuật
(Quỷ) Cuộn giấy áo toàn thân tăng trí tuệ 30%,30%,,,Scroll,,Rừng pháp thuật
(Quỷ) Cuộn giấy áo toàn thân tăng may mắn 30%,30%,,,Scroll,,Rừng pháp thuật
(Quỷ) Cuộn giấy trượng tăng tấn công pháp thuật 30%,30%,,,Scroll,,Rừng pháp thuật
(Quỷ) Cuộn giấy gậy phép tăng tấn công pháp thuật 30%,30%,,,Scroll,,Rừng pháp thuật
Khăn trùm đầu đỏ,Tự vào game xem đi,7,Lười ghi bome,Mũ,FULL,Rừng pháp thuật
Khăn trùm đầu tím,Tự vào game xem đi,7,Lười ghi bome,Mũ,FULL,Rừng pháp thuật
Khăn trùm đầu hồng,Tự vào game xem đi,7,Lười ghi bome,Mũ,FULL,Rừng pháp thuật
Khăn trùm đầu xám,Tự vào game xem đi,7,Lười ghi bome,Mũ,FULL,Rừng pháp thuật
Khăn trùm đầu xanh lục,Tự vào game xem đi,10,Lười ghi bome,Mũ,FULL,Rừng pháp thuật
Khăn trùm đầu nâu,Tự vào game xem đi,7,Lười ghi bome,Mũ,FULL,Rừng pháp thuật
Khăn trùm đầu xanh,Tự vào game xem đi,7,Lười ghi bome,Mũ,FULL,Rừng pháp thuật
Khăn trùm đầu đen,Tự vào game xem đi,7,Lười ghi bome,Mũ,FULL,Rừng pháp thuật
Khăn trùm đầu vàng,Tự vào game xem đi,7,Lười ghi bome,Mũ,FULL,Rừng pháp thuật
Vòng vàng đen,Tự vào game xem đi,7,Lười ghi bome,Mũ,Magician,Rừng pháp thuật
Vòng thái tử đen,Tự vào game xem đi,7,Lười ghi bome,Mũ,Magician,Rừng pháp thuật
Mũ pháp sư hoàng gia đen,Tự vào game xem đi,7,Lười ghi bome,Mũ,Magician,Rừng pháp thuật
Bộ trăng ma thuật đen,Tự vào game xem đi,10,Lười ghi bome,Áo toàn thân,Magician,Rừng pháp thuật
Trang phục ma thuật cổ đen,Tự vào game xem đi,10,Lười ghi bome,Áo toàn thân,Magician,Rừng pháp thuật
Áo la mã đen,Tự vào game xem đi,10,Lười ghi bome,Áo toàn thân,Magician,Rừng pháp thuật
Áo hy lạp đen,Tự vào game xem đi,10,Lười ghi bome,Áo toàn thân,Magician,Rừng pháp thuật
Trang phục huyền bí đen,Tự vào game xem đi,10,Lười ghi bome,Áo toàn thân,Magician,Rừng pháp thuật
Áo bí ẩn sẫm,Tự vào game xem đi,10,Lười ghi bome,Áo toàn thân,Magician,Rừng pháp thuật
Bộ tiễn đưa đen,Tự vào game xem đi,10,Lười ghi bome,Áo toàn thân,Magician,Rừng pháp thuật
Găng giáp la mã đen,Tự vào game xem đi,5,Lười ghi bome,Găng tay,Magician,Rừng pháp thuật
Găng hội lực đen,Tự vào game xem đi,5,Lười ghi bome,Găng tay,Magician,Rừng pháp thuật
Găng tịnh tâm đen,Tự vào game xem đi,5,Lười ghi bome,Găng tay,Magician,Rừng pháp thuật
Giày phi kim xanh dương,Tự vào game xem đi,5,Lười ghi bome,Giày,Magician,Rừng pháp thuật
Giày ngọn gió vàng xanh lá,Tự vào game xem đi,5,Lười ghi bome,Giày,Magician,Rừng pháp thuật
Cánh thiên thần,Tự vào game xem đi,7,Lười ghi bome,Vũ khí,Magician,Rừng pháp thuật
Gậy cánh gió,Tự vào game xem đi,7,Lười ghi bome,Vũ khí,Magician,Rừng pháp thuật
Đũa nạm châu,Tự vào game xem đi,7,Lười ghi bome,Vũ khí,Magician,Rừng pháp thuật
Gậy dạ lễ,Tự vào game xem đi,7,Lười ghi bome,Vũ khí,Magician,Rừng pháp thuật
Đũa quỷ,Tự vào game xem đi,7,Lười ghi bome,Vũ khí,Magician,Rừng pháp thuật
Gậy cánh quỷ,Tự vào game xem đi,7,Lười ghi bome,Vũ khí,Magician,Rừng pháp thuật
Gậy phượng hoàng,Tự vào game xem đi,7,Lười ghi bome,Vũ khí,Magician,Rừng pháp thuật
Gậy gai,Tự vào game xem đi,7,Lười ghi bome,Vũ khí,Magician,Rừng pháp thuật
Cuộn giấy găng tay tăng tấn công pháp thuật 60%,60%,,,Scroll,,Rừng pháp thuật
Cuộn giấy áo toàn thân tăng trí tuệ 60%,60%,,,Scroll,,Rừng pháp thuật
Cuộn giấy áo toàn thân tăng may mắn 60%,60%,,,Scroll,,Rừng pháp thuật
Cuộn giấy trượng tăng tấn công pháp thuật 60%,60%,,,Scroll,,Rừng pháp thuật
Cuộn giấy gậy phép tăng tấn công pháp thuật 60%,60%,,,Scroll,,Rừng pháp thuật
(Quỷ) Cuộn giấy gậy phép tăng tấn công pháp thuật 70%,70%,,,Scroll,,Rừng pháp thuật
(Quỷ) Cuộn giấy áo toàn thân tăng trí tuệ 70%,70%,,,Scroll,,Rừng pháp thuật
(Quỷ) Cuộn giấy áo toàn thân tăng may mắn 70%,70%,,,Scroll,,Rừng pháp thuật
(Quỷ) Cuộn giấy trượng tăng tấn công pháp thuật 70%,70%,,,Scroll,,Rừng pháp thuật
Advanced Equip Enhancement Scroll,,,,Scroll,,Rừng pháp thuật
Hoa tai vàng ròng,+INT,5,LV: 80,Hoa tai,FULL,Rừng pháp thuật
Hoa tai lá cây,+MP,5,Lười ghi bome,Hoa tai,FULL,Rừng pháp thuật
Mũ thiên hà đen,Tự vào game xem đi,7,Lười ghi bome,Mũ,Magician,Rừng pháp thuật
Mũ măng tre đen,Tự vào game xem đi,7,Lười ghi bome,Mũ,Magician,Rừng pháp thuật
Mũ phương đông đen,Tự vào game xem đi,7,Lười ghi bome,Mũ,Magician,Rừng pháp thuật
Bộ áo phương đông đen,Tự vào game xem đi,10,Lười ghi bome,Áo toàn thân,Magician,Rừng pháp thuật
Bộ áo đông phương đen,Tự vào game xem đi,10,Lười ghi bome,Áo toàn thân,Magician,Rừng pháp thuật
Bộ nũ đạo sư đen,Tự vào game xem đi,10,Lười ghi bome,Áo toàn thân,Magician,Rừng pháp thuật
Áo đạo sư sẫm,Tự vào game xem đi,10,Lười ghi bome,Áo toàn thân,Magician,Rừng pháp thuật
Găng tay ma lực đen,Tự vào game xem đi,5,Lười ghi bome,Găng tay,Magician,Rừng pháp thuật
Găng tay hiền triết đen,Tự vào game xem đi,5,Lười ghi bome,Găng tay,Magician,Rừng pháp thuật
Găng tay đạo sư tím,Tự vào game xem đi,5,Lười ghi bome,Găng tay,Magician,Rừng pháp thuật
Giày xăng đan tinh thạch nâu,Tự vào game xem đi,5,Lười ghi bome,Giày,Magician,Rừng pháp thuật
Giày bí ẩn đen,Tự vào game xem đi,5,Lười ghi bome,Giày,Magician,Rừng pháp thuật
Giày thần mặt đất đen,Tự vào game xem đi,5,Lười ghi bome,Giày,Magician,Rừng pháp thuật
Áo choàng hành trình tím,+M.ATT,5,LV: 50,Áo choàng,FULL,Rừng pháp thuật
Dù đen,Tự vào game xem đi,7,"LV: 70
All: +6",Vũ khí,FULL,Rừng pháp thuật
Gậy thủy thần,Tự vào game xem đi,7,Lười ghi bome,Vũ khí,Magician,Rừng pháp thuật
Nỏ én đen,Tự vào game xem đi,7,Lười ghi bome,Vũ khí,Bowman,Rừng pháp thuật
Gậy đầu lâu,Tự vào game xem đi,7,Lười ghi bome,Vũ khí,Magician,Rừng pháp thuật
Gậy vua quỷ,Tự vào game xem đi,7,Lười ghi bome,Vũ khí,Magician,Rừng pháp thuật
Gậy thần quyền lực,Tự vào game xem đi,7,Lười ghi bome,Vũ khí,Magician,Rừng pháp thuật
Khiên phù thủy Maple,Tự vào game xem đi,10,LV: 64,Khiên,Magician,Rừng pháp thuật
Đũa lửa,Tự vào game xem đi,7,LV: 70,Vũ khí,Magician,Rừng pháp thuật
Đũa độc,Tự vào game xem đi,7,LV: 70,Vũ khí,Magician,Rừng pháp thuật
Đũa băng,Tự vào game xem đi,7,LV: 70,Vũ khí,Magician,Rừng pháp thuật
Gậy phép sét,Tự vào game xem đi,7,LV: 70,Vũ khí,Magician,Rừng pháp thuật
Ghế xanh lục,,,,Chair,,Rừng pháp thuật
Ghế thư giãn đỏ,,,,Chair,,Rừng pháp thuật
Hime,,,,,,xHimeXinhDep
Thuốc tiên,,,,Use,,Cao nguyên du mục
Thuốc tiên lớn,,,,Use,,Cao nguyên du mục
Phô mai tan,,,,Use,,Cao nguyên du mục
Dưa hấu,,,,Use,,Cao nguyên du mục
Cuộn giấy găng tay tăng tấn công vật lý 10%,10%,,,Scroll,,Cao nguyên du mục
Cuộn giấy rìu đơn tăng tấn công vật lý 10%,10%,,,Scroll,,Cao nguyên du mục
Cuộn giấy búa đơn tăng tấn công vật lý 10%,10%,,,Scroll,,Cao nguyên du mục
Cuộn giấy kiếm đơn tăng tấn công vật lý 10%,10%,,,Scroll,,Cao nguyên du mục
Cuộn giấy áo toàn thân tăng khéo léo 10%,10%,,,Scroll,,Cao nguyên du mục
Cuộn giấy áo toàn thân tăng sức mạnh 10%,10%,,,Scroll,,Cao nguyên du mục
Cuộn giấy đại đao tăng tấn công vật lý 10%,10%,,,Scroll,,Cao nguyên du mục
Cuộn giấy thương tăng tấn công vật lý 10%,10%,,,Scroll,,Cao nguyên du mục
Cuộn giấy rìu đôi tăng tấn công vật lý 10%,10%,,,Scroll,,Cao nguyên du mục
Cuộn giấy búa đôi tăng tấn công vật lý 10%,10%,,,Scroll,,Cao nguyên du mục
Cuộn giấy kiếm đôi tăng tấn công vật lý 10%,10%,,,Scroll,,Cao nguyên du mục
(Quỷ) Cuộn giấy găng tay tăng tấn công vật lý 30%,30%,,,Scroll,,Cao nguyên du mục
(Quỷ) Cuộn giấy rìu đơn tăng tấn công vật lý 30%,30%,,,Scroll,,Cao nguyên du mục
(Quỷ) Cuộn giấy búa đơn tăng tấn công vật lý 30%,30%,,,Scroll,,Cao nguyên du mục
(Quỷ) Cuộn giấy kiếm đơn tăng tấn công vật lý 30%,30%,,,Scroll,,Cao nguyên du mục
(Quỷ) Cuộn giấy áo toàn thân tăng khéo léo 30%,30%,,,Scroll,,Cao nguyên du mục
(Quỷ) Cuộn giấy áo toàn thân tăng sức mạnh 30%,30%,,,Scroll,,Cao nguyên du mục
(Quỷ) Cuộn giấy đại đao tăng tấn công vật lý 30%,30%,,,Scroll,,Cao nguyên du mục
(Quỷ) Cuộn giấy thương tăng tấn công vật lý 30%,30%,,,Scroll,,Cao nguyên du mục
(Quỷ) Cuộn giấy rìu đôi tăng tấn công vật lý 30%,30%,,,Scroll,,Cao nguyên du mục
(Quỷ) Cuộn giấy búa đôi tăng tấn công vật lý 30%,30%,,,Scroll,,Cao nguyên du mục
(Quỷ) Cuộn giấy kiếm đôi tăng tấn công vật lý 30%,30%,,,Scroll,,Cao nguyên du mục
Khăn trùm đầu đỏ,Tự vào game xem đi,7,Lười ghi bome,Mũ,FULL,Cao nguyên du mục
Khăn trùm đầu tím,Tự vào game xem đi,7,Lười ghi bome,Mũ,FULL,Cao nguyên du mục
Khăn trùm đầu hồng,Tự vào game xem đi,7,Lười ghi bome,Mũ,FULL,Cao nguyên du mục
Mũ tướng quân đỏ,Tự vào game xem đi,7,Lười ghi bome,Mũ,Warrior,Cao nguyên du mục
Mũ thống tướng bạc,Tự vào game xem đi,7,Lười ghi bome,Mũ,Warrior,Cao nguyên du mục
Khăn trùm đầu nâu,Tự vào game xem đi,7,Lười ghi bome,Mũ,FULL,Cao nguyên du mục
Khăn trùm đầu xanh,Tự vào game xem đi,7,Lười ghi bome,Mũ,FULL,Cao nguyên du mục
Khăn trùm đầu đen,Tự vào game xem đi,7,Lười ghi bome,Mũ,FULL,Cao nguyên du mục
Khăn trùm đầu vàng,Tự vào game xem đi,7,Lười ghi bome,Mũ,FULL,Cao nguyên du mục
Áo giáp nặng đỏ tươi,Tự vào game xem đi,7,Lười ghi bome,Áo,Warrior,Cao nguyên du mục
Áo giáp chúa tuyết xanh,Tự vào game xem đi,7,Lười ghi bome,Áo,Warrior,Cao nguyên du mục
Áo giáp tướng quân đen,Tự vào game xem đi,7,Lười ghi bome,Áo,Warrior,Cao nguyên du mục
Áo giáo nhẹ đen,Tự vào game xem đi,7,Lười ghi bome,Áo,Warrior,Cao nguyên du mục
Áo giáp tử kim,Tự vào game xem đi,7,Lười ghi bome,Áo,Warrior,Cao nguyên du mục
Quần giáp nặng đỏ tươi,Tự vào game xem đi,7,Lười ghi bome,Quần,Warrior,Cao nguyên du mục
Váy chúa tuyết xanh,Tự vào game xem đi,7,Lười ghi bome,Quần,Warrior,Cao nguyên du mục
Quần tướng quân sẫm,Tự vào game xem đi,7,Lười ghi bome,Quần,Warrior,Cao nguyên du mục
Quần giáp tử kim,Tự vào game xem đi,7,Lười ghi bome,Quần,Warrior,Cao nguyên du mục
Găng chịu lực đen,Tự vào game xem đi,5,Lười ghi bome,Găng tay,Warrior,Cao nguyên du mục
Găng tay da rắn đen,Tự vào game xem đi,5,Lười ghi bome,Găng tay,Warrior,Cao nguyên du mục
Giày cá voi đen,Tự vào game xem đi,5,Lười ghi bome,Giày,Warrior,Cao nguyên du mục
Rìu vàng ròng,Tự vào game xem đi,7,Lười ghi bome,Vũ khí,Warrior,Cao nguyên du mục
Giáo thiết bảng,Tự vào game xem đi,7,Lười ghi bome,Vũ khí,Warrior,Cao nguyên du mục
Đại đao rồng vàng,Tự vào game xem đi,7,Lười ghi bome,Vũ khí,Warrior,Cao nguyên du mục
Kiếm lửa,Tự vào game xem đi,7,Lười ghi bome,Vũ khí,FULL,Cao nguyên du mục
Chai rượu,Tự vào game xem đi,7,Lười ghi bome,Vũ khí,Beginer,Cao nguyên du mục
Cuộn giấy găng tay tăng tấn công vật lý 60%,60%,,,Scroll,,Cao nguyên du mục
Cuộn giấy rìu đơn tăng tấn công vật lý 60%,60%,,,Scroll,,Cao nguyên du mục
Cuộn giấy búa đơn tăng tấn công vật lý 60%,60%,,,Scroll,,Cao nguyên du mục
Cuộn giấy kiếm đơn tăng tấn công vật lý 60%,60%,,,Scroll,,Cao nguyên du mục
Cuộn giấy áo toàn thân tăng khéo léo 60%,60%,,,Scroll,,Cao nguyên du mục
Advanced Equip Enhancement Scroll,,,,Scroll,,Cao nguyên du mục
Cuộn giấy đại đao tăng tấn công vật lý 60%,60%,,,Scroll,,Cao nguyên du mục
Cuộn giấy thương tăng tấn công vật lý 60%,60%,,,Scroll,,Cao nguyên du mục
Cuộn giấy rìu đôi tăng tấn công vật lý 60%,60%,,,Scroll,,Cao nguyên du mục
Cuộn giấy búa đôi tăng tấn công vật lý 60%,60%,,,Scroll,,Cao nguyên du mục
Cuộn giấy kiếm đôi tăng tấn công vật lý 60%,60%,,,Scroll,,Cao nguyên du mục
(Quỷ) Cuộn giấy găng tay tăng tấn công vật lý 70%,70%,,,Scroll,,Cao nguyên du mục
(Quỷ) Cuộn giấy rìu đơn tăng tấn công vật lý 70%,70%,,,Scroll,,Cao nguyên du mục
(Quỷ) Cuộn giấy búa đơn tăng tấn công vật lý 70%,70%,,,Scroll,,Cao nguyên du mục
(Quỷ) Cuộn giấy kiếm đơn tăng tấn công vật lý 70%,70%,,,Scroll,,Cao nguyên du mục
(Quỷ) Cuộn giấy áo toàn thân tăng khéo léo 70%,70%,,,Scroll,,Cao nguyên du mục
(Quỷ) Cuộn giấy áo toàn thân tăng sức mạnh 70%,70%,,,Scroll,,Cao nguyên du mục
(Quỷ) Cuộn giấy đại đao tăng tấn công vật lý 70%,70%,,,Scroll,,Cao nguyên du mục
(Quỷ) Cuộn giấy thương tăng tấn công vật lý 70%,70%,,,Scroll,,Cao nguyên du mục
(Quỷ) Cuộn giấy rìu đôi tăng tấn công vật lý 70%,70%,,,Scroll,,Cao nguyên du mục
(Quỷ) Cuộn giấy búa đôi tăng tấn công vật lý 70%,70%,,,Scroll,,Cao nguyên du mục
(Quỷ) Cuộn giấy kiếm đôi tăng tấn công vật lý 70%,70%,,,Scroll,,Cao nguyên du mục
Mũ hiệp sĩ trung cổ đen,Tự vào game xem đi,7,Lười ghi bome,Mũ,Warrior,Cao nguyên du mục
Mũ chiến binh rồng đen,Tự vào game xem đi,7,Lười ghi bome,Mũ,Warrior,Cao nguyên du mục
Áo giáp trụ đen,Tự vào game xem đi,7,Lười ghi bome,Áo,Warrior,Cao nguyên du mục
Áo giáp thiếu tướng đen,Tự vào game xem đi,7,Lười ghi bome,Áo,Warrior,Cao nguyên du mục
Áo giáp trụ nữ sẫm,Tự vào game xem đi,7,Lười ghi bome,Áo,Warrior,Cao nguyên du mục
Áo giáp nữ chiến binh sẫm,Tự vào game xem đi,7,Lười ghi bome,Áo,Warrior,Cao nguyên du mục
Quần giáp trụ đen,Tự vào game xem đi,7,Lười ghi bome,Quần,Warrior,Cao nguyên du mục
Váy chiến binh đỏ tươi,Tự vào game xem đi,7,Lười ghi bome,Quần,Warrior,Cao nguyên du mục
Quần thiếu tướng sẫm,Tự vào game xem đi,7,Lười ghi bome,Quần,Warrior,Cao nguyên du mục
Váy nếp sẫm,Tự vào game xem đi,7,Lười ghi bome,Quần,Warrior,Cao nguyên du mục
Giáp chiến đấu sẫm,Tự vào game xem đi,10,Lười ghi bome,Áo toàn thân,Warrior,Cao nguyên du mục
Giày hoàng hà đen,Tự vào game xem đi,5,Lười ghi bome,Giày,Warrior,Cao nguyên du mục
Giày tướng quân đen,Tự vào game xem đi,5,Lười ghi bome,Giày,Warrior,Cao nguyên du mục
Giày biển sâu vàng,Tự vào game xem đi,5,Lười ghi bome,Giày,Warrior,Cao nguyên du mục
Áo choàng hành trình hồng,+ATT,5,LV: 50,Áo choàng,FULL,Cao nguyên du mục
Áo choàng linh hồn Taru,+ATT,5,LV: 80,Áo choàng,Warrior,Cao nguyên du mục
Dù màu be,Tự vào game xem đi,7,Lười ghi bome,Vũ khí,FULL,Cao nguyên du mục
Đũa lửa,Tự vào game xem đi,7,LV: 70,Vũ khí,Magician,Cao nguyên du mục
Khiên chiến binh Maple,Tự vào game xem đi,10,LV: 64,Khiên,Warrior,Cao nguyên du mục
Kiếm nhật đỏ,Tự vào game xem đi,7,Lười ghi bome,Vũ khí,Warrior,Cao nguyên du mục
Kiếm diều hâu xanh,Tự vào game xem đi,7,Lười ghi bome,Vũ khí,Warrior,Cao nguyên du mục
Kiếm thiên thần,Tự vào game xem đi,7,Lười ghi bome,Vũ khí,Warrior,Cao nguyên du mục
Rìu mặt trời,Tự vào game xem đi,7,Lười ghi bome,Vũ khí,Warrior,Cao nguyên du mục
Búa sao mai,Tự vào game xem đi,7,Lười ghi bome,Vũ khí,Warrior,Cao nguyên du mục
Quân khu vũ trụ,Tự vào game xem đi,7,Lười ghi bome,Vũ khí,Warrior,Cao nguyên du mục
Kiếm cổ,Tự vào game xem đi,7,Lười ghi bome,Vũ khí,Warrior,Cao nguyên du mục
Rìu chó ma canh địa ngục,Tự vào game xem đi,7,Lười ghi bome,Vũ khí,Warrior,Cao nguyên du mục
Đại đao nguyệt thực,Tự vào game xem đi,7,Lười ghi bome,Vũ khí,Warrior,Cao nguyên du mục
Đại đao quan vũ,Tự vào game xem đi,7,Lười ghi bome,Vũ khí,Warrior,Cao nguyên du mục
Ghế trăng sao,,,,Chair,,Cao nguyên du mục
Ghế ngôi mộ đầu lâu,,,,Chair,,Cao nguyên du mục
Ghế vàng,,,,Chair,,Cao nguyên du mục
Thuốc viên trắng,,,,Use,,Thành phố hỗn loạn
Dưa hấu,,,,Use,,Thành phố hỗn loạn
Kem đá,,,,Use,,Thành phố hỗn loạn
Kẹo bông gòn,,,,Use,,Thành phố hỗn loạn
Cuộn giấy vuốt tăng tấn công vật lý 10%,10%,,,Scroll,,Thành phố hỗn loạn
Cuộn giấy dao găm tăng tấn công vật lý 10%,10%,,,Scroll,,Thành phố hỗn loạn
Cuộn giấy áo toàn thân tăng khéo léo 10%,10%,,,Scroll,,Thành phố hỗn loạn
Cuộn giấy áo toàn thân tăng may mắn 10%,10%,,,Scroll,,Thành phố hỗn loạn
Scroll for Katara for ATT 10%,10%,,,Scroll,,Thành phố hỗn loạn
(Quỷ) Cuộn giấy vuốt tăng tấn công vật lý 70%,70%,,,Scroll,,Thành phố hỗn loạn
(Quỷ) Cuộn giấy dao găm tăng tấn công vật lý 30%,30%,,,Scroll,,Thành phố hỗn loạn
(Quỷ) Cuộn giấy áo toàn thân tăng khéo léo 30%,30%,,,Scroll,,Thành phố hỗn loạn
(Quỷ) Cuộn giấy áo toàn thân tăng may mắn 30%,30%,,,Scroll,,Thành phố hỗn loạn
(Quỷ) Cuộn giấy găng tay tăng tấn công vật lý 30%,30%,,,Scroll,,Thành phố hỗn loạn
Khăn trùm đầu đỏ,Tự vào game xem đi,7,Lười ghi bome,Mũ,FULL,Thành phố hỗn loạn
Khăn trùm đầu tím,Tự vào game xem đi,7,Lười ghi bome,Mũ,FULL,Thành phố hỗn loạn
Khăn trùm đầu hồng,Tự vào game xem đi,7,Lười ghi bome,Mũ,FULL,Thành phố hỗn loạn
Khăn trùm đầu xám,Tự vào game xem đi,7,Lười ghi bome,Mũ,FULL,Thành phố hỗn loạn
Mũ cáo đêm đỏ,Tự vào game xem đi,7,Lười ghi bome,Mũ,Thief,Thành phố hỗn loạn
Khăn trùm đầu nâu,Tự vào game xem đi,7,Lười ghi bome,Mũ,FULL,Thành phố hỗn loạn
Khăn trùm đầu xanh,Tự vào game xem đi,7,Lười ghi bome,Mũ,FULL,Thành phố hỗn loạn
Khăn trùm đầu đen,Tự vào game xem đi,7,Lười ghi bome,Mũ,FULL,Thành phố hỗn loạn
Khăn trùm đầu vàng,Tự vào game xem đi,7,Lười ghi bome,Mũ,FULL,Thành phố hỗn loạn
Mũ diều hâu nâu,Tự vào game xem đi,7,Lười ghi bome,Mũ,Thief,Thành phố hỗn loạn
Mũ trùm đầu nhãn đen,Tự vào game xem đi,7,Lười ghi bome,Mũ,Thief,Thành phố hỗn loạn
Áo giáp bò cạp đen,Tự vào game xem đi,7,Lười ghi bome,Áo,Thief,Thành phố hỗn loạn
Áo giáp lưới đen,Tự vào game xem đi,7,Lười ghi bome,Áo,Thief,Thành phố hỗn loạn
Áo liềm nâu hạt dẻ,Tự vào game xem đi,7,Lười ghi bome,Áo,Thief,Thành phố hỗn loạn
Áo trung quốc đỏ,Tự vào game xem đi,7,Lười ghi bome,Áo,Thief,Thành phố hỗn loạn
Áo bọ ngựa nâu đen,Tự vào game xem đi,7,Lười ghi bome,Áo,Thief,Thành phố hỗn loạn
Quần bò cạp sẫm,Tự vào game xem đi,7,Lười ghi bome,Quần,Thief,Thành phố hỗn loạn
Quần liềm hạt dẻ,Tự vào game xem đi,7,Lười ghi bome,Quần,Thief,Thành phố hỗn loạn
Quần phồng bó ống đỏ,Tự vào game xem đi,7,Lười ghi bome,Quần,Thief,Thành phố hỗn loạn
Quần bọ ngựa nâu đen,Tự vào game xem đi,7,Lười ghi bome,Quần,Thief,Thành phố hỗn loạn
Găng tay mặt trăng nâu,Tự vào game xem đi,5,Lười ghi bome,Găng tay,Thief,Thành phố hỗn loạn
Găng tay ác nhân vàng,Tự vào game xem đi,5,Lười ghi bome,Găng tay,Thief,Thành phố hỗn loạn
Găng tay hải tặc vàng,Tự vào game xem đi,5,Lười ghi bome,Găng tay,Thief,Thành phố hỗn loạn
Giày rong tảo đen,Tự vào game xem đi,5,Lười ghi bome,Giày,Thief,Thành phố hỗn loạn
Giày san hô đỏ,Tự vào game xem đi,5,Lười ghi bome,Giày,Thief,Thành phố hỗn loạn
Giày thần bí đỏ,Tự vào game xem đi,5,Lười ghi bome,Giày,Thief,Thành phố hỗn loạn
Vuốt bọ hung đen,Tự vào game xem đi,7,Lười ghi bome,Vũ khí,Thief,Thành phố hỗn loạn
Vuốt huyết khổng lồ,Tự vào game xem đi,7,Lười ghi bome,Vũ khí,Thief,Thành phố hỗn loạn
Vuốt máu,Tự vào game xem đi,7,Lười ghi bome,Vũ khí,Thief,Thành phố hỗn loạn
Vuốt đồng khổng lồ,Tự vào game xem đi,7,Lười ghi bome,Vũ khí,Thief,Thành phố hỗn loạn
Vuốt bọ hung nâu,Tự vào game xem đi,7,Lười ghi bome,Vũ khí,Thief,Thành phố hỗn loạn
Vuốt đen khổng lồ,Tự vào game xem đi,7,Lười ghi bome,Vũ khí,Thief,Thành phố hỗn loạn
Vuốt sát thủ bóng tối,Tự vào game xem đi,7,Lười ghi bome,Vũ khí,Thief,Thành phố hỗn loạn
Dao trí mạng,Tự vào game xem đi,7,Lười ghi bome,Vũ khí,Thief,Thành phố hỗn loạn
Vuốt bọ hung xanh lá,Tự vào game xem đi,7,Lười ghi bome,Vũ khí,Thief,Thành phố hỗn loạn
Dao tử thần,Tự vào game xem đi,7,Lười ghi bome,Vũ khí,Thief,Thành phố hỗn loạn
Dao ba chỉa,Tự vào game xem đi,7,Lười ghi bome,Vũ khí,"Thief, Warrior",Thành phố hỗn loạn
Vuốt sa-phia khổng lồ,Tự vào game xem đi,7,Lười ghi bome,Vũ khí,Thief,Thành phố hỗn loạn
Vuốt sa-phia,Tự vào game xem đi,7,Lười ghi bome,Vũ khí,Thief,Thành phố hỗn loạn
Dao lưỡi rắn,Tự vào game xem đi,7,Lười ghi bome,Vũ khí,"Thief, Warrior",Thành phố hỗn loạn
Dao găm hai đầu,Tự vào game xem đi,7,Lười ghi bome,Vũ khí,Thief,Thành phố hỗn loạn
Vuốt thép,Tự vào game xem đi,7,Lười ghi bome,Vũ khí,Thief,Thành phố hỗn loạn
Quạt hàn quốc,Tự vào game xem đi,7,Lười ghi bome,Vũ khí,FULL,Thành phố hỗn loạn
Ascalon Katara,Tự vào game xem đi,7,Lười ghi bome,Vũ khí,Dual Blade,Thành phố hỗn loạn
Heavenly Katara,Tự vào game xem đi,7,Lười ghi bome,Vũ khí,Dual Blade,Thành phố hỗn loạn
Cuộn giấy vuốt tăng tấn công vật lý 60%,60%,,,Scroll,,Thành phố hỗn loạn
Cuộn giấy dao găm tăng tấn công vật lý 60%,60%,,,Scroll,,Thành phố hỗn loạn
Cuộn giấy áo toàn thân tăng khéo léo 60%,60%,,,Scroll,,Thành phố hỗn loạn
Cuộn giấy áo toàn thân tăng may mắn 60%,60%,,,Scroll,,Thành phố hỗn loạn
Cuộn giấy găng tay tăng tấn công vật lý 60%,60%,,,Scroll,,Thành phố hỗn loạn
(Quỷ) Cuộn giấy vuốt tăng tấn công vật lý 70%,70%,,,Scroll,,Thành phố hỗn loạn
(Quỷ) Cuộn giấy dao găm tăng tấn công vật lý 70%,70%,,,Scroll,,Thành phố hỗn loạn
(Quỷ) Cuộn giấy áo toàn thân tăng khéo léo 70%,70%,,,Scroll,,Thành phố hỗn loạn
(Quỷ) Cuộn giấy áo toàn thân tăng may mắn 70%,70%,,,Scroll,,Thành phố hỗn loạn
(Quỷ) Cuộn giấy găng tay tăng tấn công vật lý 70%,70%,,,Scroll,,Thành phố hỗn loạn
Scroll for Katara for ATT 60%,60%,,,Scroll,,Thành phố hỗn loạn
Advanced Equip Enhancement Scroll,,,,Scroll,,Thành phố hỗn loạn
Mũ cướp biển đen,Tự vào game xem đi,7,Lười ghi bome,Mũ,Thief,Thành phố hỗn loạn
Mũ dây nịt đỏ,Tự vào game xem đi,7,Lười ghi bome,Mũ,Thief,Thành phố hỗn loạn
Áo nữ hải tặc sẫm,Tự vào game xem đi,7,Lười ghi bome,Áo,Thief,Thành phố hỗn loạn
Áo hải tặc đen,Tự vào game xem đi,7,Lười ghi bome,Áo,Thief,Thành phố hỗn loạn
Áo hiệp khách đỏ,Tự vào game xem đi,7,Lười ghi bome,Áo,Thief,Thành phố hỗn loạn
Váy hải tặc sẫm,Tự vào game xem đi,7,Lười ghi bome,Quần,Thief,Thành phố hỗn loạn
Quần cướp biển đỏ,Tự vào game xem đi,7,Lười ghi bome,Quần,Thief,Thành phố hỗn loạn
Áo đuôi mèo sẫm,Tự vào game xem đi,7,Lười ghi bome,Áo,Thief,Thành phố hỗn loạn
Bộ miêu nữ đen,Tự vào game xem đi,7,Lười ghi bome,Áo,Thief,Thành phố hỗn loạn
Găng tay trộm đạo đỏ,Tự vào game xem đi,5,Lười ghi bome,Găng tay,Thief,Thành phố hỗn loạn
Găng tay rắn hổ đen,Tự vào game xem đi,5,Lười ghi bome,Găng tay,Thief,Thành phố hỗn loạn
Găng tay ngọc thần bí đen,Tự vào game xem đi,5,Lười ghi bome,Găng tay,Thief,Thành phố hỗn loạn
Giày vô ảnh độc hành đen,Tự vào game xem đi,5,Lười ghi bome,Giày,Thief,Thành phố hỗn loạn
Giày hải tặc đen,Tự vào game xem đi,5,Lười ghi bome,Giày,Thief,Thành phố hỗn loạn
Giày hiệp khách tím,Tự vào game xem đi,5,Lười ghi bome,Giày,Thief,Thành phố hỗn loạn
Áo choàng thần đất hồng,+ATT,5,LV: 65,Áo choàng,FULL,Thành phố hỗn loạn
Thiên thần phản bội,Tự vào game xem đi,7,Lười ghi bome,Vũ khí,"Thief, Warrior",Thành phố hỗn loạn
Vuốt mãng xà,Tự vào game xem đi,7,Lười ghi bome,Vũ khí,Thief,Thành phố hỗn loạn
Huyết đao,Tự vào game xem đi,7,Lười ghi bome,Vũ khí,Thief,Thành phố hỗn loạn
Vuốt hổ,Tự vào game xem đi,7,Lười ghi bome,Vũ khí,Thief,Thành phố hỗn loạn
Dao nguyền rủa,Tự vào game xem đi,7,Lười ghi bome,Vũ khí,"Thief, Warrior",Thành phố hỗn loạn
Nỏ én đen,Tự vào game xem đi,7,Lười ghi bome,Vũ khí,Bowman,Thành phố hỗn loạn
Đuôi rồng,Tự vào game xem đi,7,Lười ghi bome,Vũ khí,Thief,Thành phố hỗn loạn
Dao đôi vàng,Tự vào game xem đi,7,Lười ghi bome,Vũ khí,"Thief, Warrior",Thành phố hỗn loạn
Khiên du hiệp Maple,Tự vào game xem đi,10,Lười ghi bome,Khiên,Thief,Thành phố hỗn loạn
Vuốt móng đỏ,Tự vào game xem đi,7,Lười ghi bome,Vũ khí,Thief,Thành phố hỗn loạn
Vuốt vàng,Tự vào game xem đi,7,Lười ghi bome,Vũ khí,Thief,Thành phố hỗn loạn
Neva,Tự vào game xem đi,7,Lười ghi bome,Vũ khí,Thief,Thành phố hỗn loạn
Khiên dao găm,Tự vào game xem đi,7,Lười ghi bome,Khiên,Thief,Thành phố hỗn loạn
Blazing Dragon Katara,Tự vào game xem đi,7,Lười ghi bome,Vũ khí,Dual Blade,Thành phố hỗn loạn
Bloodsoaked Katara,Tự vào game xem đi,7,Lười ghi bome,Vũ khí,Dual Blade,Thành phố hỗn loạn
Meteor Katara,Tự vào game xem đi,7,Lười ghi bome,Vũ khí,Dual Blade,Thành phố hỗn loạn
Ghế xanh lục,,,,Chair,,Thành phố hỗn loạn
Ghế cánh dơi tía,,,,Chair,,Thành phố hỗn loạn
Đệm hải cẩu trắng,,,,Chair,,Thành phố hỗn loạn
Thuốc tiên,,,,Use,,Bến cảng cướp biển
Phô mai tan,,,,Use,,Bến cảng cướp biển
thuốc tiên lớn,,,,Use,,Bến cảng cướp biển
Dưa hấu,,,,Use,,Bến cảng cướp biển
Cuộn giấy khiên tăng tấn công pháp thuật 10%,10%,,,Scroll,,Bến cảng cướp biển
Cuộn giấy súng tăng tấn công vật lý 10%,10%,,,Scroll,,Bến cảng cướp biển
Cuộn giấy găng đấm tăng tấn công vật lý 10%,10%,,,Scroll,,Bến cảng cướp biển
Cuộn giấy khiên tăng tấn công vật lý 10%,10%,,,Scroll,,Bến cảng cướp biển
Cuộn giấy áo toàn thân tăng sức mạnh 10%,10%,,,Scroll,,Bến cảng cướp biển
Scroll for Hand Cannon for ATT 10%,10%,,,Scroll,,Bến cảng cướp biển
(Quỷ) Cuộn giấy găng tay tăng tấn công vật lý 30%,30%,,,Scroll,,Bến cảng cướp biển
Cuộn giấy găng tay tăng tấn công pháp thuật 100%,100%,,,Scroll,,Bến cảng cướp biển
(Quỷ) Cuộn giấy súng tăng tấn công vật lý 30%,30%,,,Scroll,,Bến cảng cướp biển
(Quỷ) Cuộn giấy găng đấm tăng tấn công vật lý 30%,30%,,,Scroll,,Bến cảng cướp biển
(Quỷ) Cuộn giấy áo toàn thân tăng khéo léo 30%,30%,,,Scroll,,Bến cảng cướp biển
(Quỷ) Cuộn giấy áo toàn thân tăng sức mạnh 30%,30%,,,Scroll,,Bến cảng cướp biển
Scroll for Hand Cannon for ATT 70%,70%,,,Scroll,,Bến cảng cướp biển
Mũ đuôi sam,Tự vào game xem đi,7,Lười ghi bome,Mũ,Priate,Bến cảng cướp biển
Mũ đại dương nâu,Tự vào game xem đi,7,Lười ghi bome,Mũ,Priate,Bến cảng cướp biển
Khăn trùm đầu đỏ,Tự vào game xem đi,7,Lười ghi bome,Mũ,FULL,Bến cảng cướp biển
Khăn trùm đầu tím,Tự vào game xem đi,7,Lười ghi bome,Mũ,FULL,Bến cảng cướp biển
Khăn trùm đầu hồng,Tự vào game xem đi,7,Lười ghi bome,Mũ,FULL,Bến cảng cướp biển
Khăn trùm đầu xám,Tự vào game xem đi,7,Lười ghi bome,Mũ,FULL,Bến cảng cướp biển
Khăn trùm đầu xanh lục,Tự vào game xem đi,10,Lười ghi bome,Mũ,FULL,Bến cảng cướp biển
Khăn trùm đầu nâu,Tự vào game xem đi,7,Lười ghi bome,Mũ,FULL,Bến cảng cướp biển
Khăn trùm cướp biển,Tự vào game xem đi,7,Lười ghi bome,Mũ,Priate,Bến cảng cướp biển
Khăn trùm đầu đen,Tự vào game xem đi,7,Lười ghi bome,Mũ,FULL,Bến cảng cướp biển
Khăn trùm đầu vàng,Tự vào game xem đi,7,Lười ghi bome,Mũ,FULL,Bến cảng cướp biển
Black royal barone,Tự vào game xem đi,10,Lười ghi bome,Áo toàn thân,Priate,Bến cảng cướp biển
Green plasteer,Tự vào game xem đi,10,Lười ghi bome,Áo toàn thân,Priate,Bến cảng cướp biển
Red viska,Tự vào game xem đi,10,Lười ghi bome,Áo toàn thân,Priate,Bến cảng cướp biển
Găng tay đen gắn bi,Tự vào game xem đi,5,Lười ghi bome,Găng tay,Priate,Bến cảng cướp biển
Găng tay thoát khí đen,Tự vào game xem đi,5,Lười ghi bome,Găng tay,Priate,Bến cảng cướp biển
Găng tay hở ngón màu cà phê,Tự vào game xem đi,5,Lười ghi bome,Găng tay,Priate,Bến cảng cướp biển
Giày ống đen,Tự vào game xem đi,5,Lười ghi bome,Giày,Priate,Bến cảng cướp biển
Giày ống hạt nhãn,Tự vào game xem đi,5,Lười ghi bome,Giày,Priate,Bến cảng cướp biển
Súng địa ngục,Tự vào game xem đi,7,Lười ghi bome,Vũ khí,Priate,Bến cảng cướp biển
Găng bách thắng,Tự vào game xem đi,7,Lười ghi bome,Vũ khí,Priate,Bến cảng cướp biển
Súng lửa trời,Tự vào game xem đi,7,Lười ghi bome,Vũ khí,Priate,Bến cảng cướp biển
Găng thịnh nộ,Tự vào game xem đi,7,Lười ghi bome,Vũ khí,Priate,Bến cảng cướp biển
Súng thiên đường,Tự vào game xem đi,7,Lười ghi bome,Vũ khí,Priate,Bến cảng cướp biển
Găng diều hâu,Tự vào game xem đi,7,Lười ghi bome,Vũ khí,Priate,Bến cảng cướp biển
Cuộn giấy găng tay tăng tấn công vật lý 60%,60%,,,Scroll,,Bến cảng cướp biển
(Quỷ) Cuộn giấy găng tay tăng tấn công vật lý 70%,70%,,,Scroll,,Bến cảng cướp biển
Cuộn giấy súng tăng tấn công vật lý 60%,60%,,,Scroll,,Bến cảng cướp biển
(Quỷ) Cuộn giấy súng tăng tấn công vật lý 70%,70%,,,Scroll,,Bến cảng cướp biển
Cuộn giấy găng đấm tăng tấn công vật lý 60%,60%,,,Scroll,,Bến cảng cướp biển
(Quỷ) Cuộn giấy găng đấm tăng tấn công vật lý 70%,70%,,,Scroll,,Bến cảng cướp biển
Cuộn giấy áo toàn thân tăng khéo léo 60%,60%,,,Scroll,,Bến cảng cướp biển
(Quỷ) Cuộn giấy áo toàn thân tăng khéo léo 70%,70%,,,Scroll,,Bến cảng cướp biển
Cuộn giấy áo toàn thân tăng sức mạnh 60%,60%,,,Scroll,,Bến cảng cướp biển
(Quỷ) Cuộn giấy áo toàn thân tăng sức mạnh 70%,70%,,,Scroll,,Bến cảng cướp biển
Cuộn giấy khiên tăng sức mạnh 60%,60%,,,Scroll,,Bến cảng cướp biển
Scroll for Hand Cannon for ATT 60%,60%,,,Scroll,,Bến cảng cướp biển
Advanced Equip Enhancement Scroll,,,,Scroll,,Bến cảng cướp biển
Kính quang phổ,Tự vào game xem đi,3,Lười ghi bome,Mắt kính,FULL,Bến cảng cướp biển
Mũ đại dương viền vàng,Tự vào game xem đi,7,Lười ghi bome,Mũ,Priate,Bến cảng cướp biển
Mũ đuôi sam đỏ,Tự vào game xem đi,7,Lười ghi bome,Mũ,Priate,Bến cảng cướp biển
Red Belly Duke,Tự vào game xem đi,10,Lười ghi bome,Áo toàn thân,Priate,Bến cảng cướp biển
White marquini,Tự vào game xem đi,10,Lười ghi bome,Áo toàn thân,Priate,Bến cảng cướp biển
White pioneer,Tự vào game xem đi,10,Lười ghi bome,Áo toàn thân,Priate,Bến cảng cướp biển
Găng tay nửa xanh,Tự vào game xem đi,5,Lười ghi bome,Găng tay,Priate,Bến cảng cướp biển
Vòng tay hải tặc đỏ,Tự vào game xem đi,5,Lười ghi bome,Găng tay,Priate,Bến cảng cướp biển
Giày rồng cuộn,Tự vào game xem đi,5,Lười ghi bome,Giày,Priate,Bến cảng cướp biển
Giày cao cổ đen,Tự vào game xem đi,5,Lười ghi bome,Giày,Priate,Bến cảng cướp biển
Áo choàng thần đất tím,+M.ATT,5,LV: 65,Áo choàng,FULL,Bến cảng cướp biển
Súng cầu vồng,Tự vào game xem đi,7,Lười ghi bome,Vũ khí,Priate,Bến cảng cướp biển
Nỏ én đen,Tự vào game xem đi,7,Lười ghi bome,Vũ khí,Bowman,Bến cảng cướp biển
Súng vô tận,Tự vào game xem đi,7,Lười ghi bome,Vũ khí,Priate,Bến cảng cướp biển
Găng thép đỏ,Tự vào game xem đi,7,Lười ghi bome,Vũ khí,Priate,Bến cảng cướp biển
Găng lông gấu trắng,Tự vào game xem đi,7,Lười ghi bome,Vũ khí,Priate,Bến cảng cướp biển
Phao hồng phấn (găng đấm),Tự vào game xem đi,7,Lười ghi bome,Vũ khí,Priate,Bến cảng cướp biển
Phao hống phấn (súng),Tự vào game xem đi,7,Lười ghi bome,Vũ khí,Priate,Bến cảng cướp biển
Găng hoàng gia,Tự vào game xem đi,7,Lười ghi bome,Vũ khí,Priate,Bến cảng cướp biển
The bigshot,Tự vào game xem đi,7,Lười ghi bome,Vũ khí,Cannoneer,Bến cảng cướp biển
Infemalizer,Tự vào game xem đi,7,Lười ghi bome,Vũ khí,Cannoneer,Bến cảng cướp biển
Deck sweeper,Tự vào game xem đi,7,Lười ghi bome,Vũ khí,Cannoneer,Bến cảng cướp biển
Bilge breaker,Tự vào game xem đi,7,Lười ghi bome,Vũ khí,Cannoneer,Bến cảng cướp biển
Ghế cây cọ,,,,Chair,,Bến cảng cướp biển
Sô-cô-la,,,,Use,,Rừng ngủ say
Thuốc tiên,,,,Use,,Rừng ngủ say
Thuốc tiên lớn,,,,Use,,Rừng ngủ say
Cuộn giấy quay về thị trấn gần nhất,,,,Use,,Rừng ngủ say
Bò húc thái,,,,Use,,Rừng ngủ say
Đạn sống,,,,Đạn,Priate,Rừng ngủ say
Dưa hấu,,,,Use,,Rừng ngủ say
Cuộn giấy quần tăng khéo léo 10%,10%,,,Scroll,,Rừng ngủ say
Cuộn giấy áo choàng tăng sinh lực 10%,10%,,,Scroll,,Rừng ngủ say
Cuộn giấy áo choàng tăng nội lực 10%,10%,,,Scroll,,Rừng ngủ say
Cuộn giấy găng tay tăng khéo léo 10%,10%,,,Scroll,,Rừng ngủ say
Cuộn giấy găng tay tăng sinh lực 100%,100%,,,Scroll,,Rừng ngủ say
Cuộn giấy găng tay tăng sinh lực 10%,10%,,,Scroll,,Rừng ngủ say
Cuộn giấy kiếm đơn tăng tấn công pháp thuật 100%,100%,,,Scroll,,Rừng ngủ say
Cuộn giấy áo toàn thân tăng phòng thủ 100%,100%,,,Scroll,,Rừng ngủ say
Cuộn giấy áo toàn thân tăng phòng thủ 10%,10%,,,Scroll,,Rừng ngủ say
Cuộn giấy áo toàn thân tăng khéo léo 100%,100%,,,Scroll,,Rừng ngủ say
Cuộn giấy áo toàn thân tăng khéo léo 10%,10%,,,Scroll,,Rừng ngủ say
Cuộn giấy áo toàn thân tăng may mắn 100%,100%,,,Scroll,,Rừng ngủ say
Cuộn giấy áo toàn thân tăng may mắn 10%,10%,,,Scroll,,Rừng ngủ say
Cuộn giấy áo toàn thân tăng sức mạnh 100%,100%,,,Scroll,,Rừng ngủ say
Cuộn giấy áo toàn thân tăng sức mạnh 10%,10%,,,Scroll,,Rừng ngủ say
Cuộn giấy trang bị thú cưng tăng lực nhảy 100%,100%,,,Scroll,,Rừng ngủ say
Cuộn giấy trang bị thú cưng tăng lực nhảy 10%,10%,,,Scroll,,Rừng ngủ say
Cuộn giấy trang bị thú cưng tăng tốc độ 100%,100%,,,Scroll,,Rừng ngủ say
Cuộn giấy trang bị thú cưng tăng tốc độ 10%,10%,,,Scroll,,Rừng ngủ say
Cuộn giấy khiên tăng tấn công pháp thuật 10%,10%,,,Scroll,,Rừng ngủ say
Cuộn giấy khiên tăng tấn công vật lý 10%,10%,,,Scroll,,Rừng ngủ say
Cuộn giấy giày tăng khéo léo 10%,10%,,,Scroll,,Rừng ngủ say
Cuộn giấy giày tăng lực nhảy 100%,100%,,,Scroll,,Rừng ngủ say
Cuộn giấy giày tăng tốc độ 100%,100%,,,Scroll,,Rừng ngủ say
Cuộn giấy giày tăng tốc độ 10%,10%,,,Scroll,,Rừng ngủ say
Cuộn giấy áo tăng may mắn 10%,10%,,,Scroll,,Rừng ngủ say
Cuộn giấy áo tăng sức mạnh 10%,10%,,,Scroll,,Rừng ngủ say
(Quỷ) Cuộn giấy quần tăng khéo léo 30%,30%,,,Scroll,,Rừng ngủ say
(Quỷ) Cuộn giấy quần tăng lực nhảy 30%,30%,,,Scroll,,Rừng ngủ say
(Quỷ) Cuộn giấy áo choàng tăng khéo léo 30%,30%,,,Scroll,,Rừng ngủ say
(Quỷ) Cuộn giấy áo choàng tăng sinh lực 30%,30%,,,Scroll,,Rừng ngủ say
(Quỷ) Cuộn giấy áo choàng tăng trí tuệ 30%,30%,,,Scroll,,Rừng ngủ say
(Quỷ) Cuộn giấy áo choàng tăng may mắn 30%,30%,,,Scroll,,Rừng ngủ say
(Quỷ) Cuộn giấy áo choàng tăng sức mạnh 30%,30%,,,Scroll,,Rừng ngủ say
(Quỷ) Cuộn giấy hoa tai tăng trí tuệ 30%,30%,,,Scroll,,Rừng ngủ say
(Quỷ) Cuộn giấy hoa tai tăng khéo léo 30%,30%,,,Scroll,,Rừng ngủ say
Cuộn giấy găng tay tăng tấn công vật lý 100%,100%,,,Scroll,,Rừng ngủ say
(Quỷ) Cuộn giấy mũ tăng chính xác 30%,30%,,,Scroll,,Rừng ngủ say
(Quỷ) Cuộn giấy mũ tăng khéo léo 30%,30%,,,Scroll,,Rừng ngủ say
(Quỷ) Cuộn giấy mũ tăng sinh lực 30%,30%,,,Scroll,,Rừng ngủ say
(Quỷ) Cuộn giấy mũ tăng trí tuệ 30%,30%,,,Scroll,,Rừng ngủ say
(Quỷ) Cuộn giấy áo toàn thân tăng phòng thủ 30%,30%,,,Scroll,,Rừng ngủ say
(Quỷ) Cuộn giấy áo toàn thân tăng khéo léo 30%,30%,,,Scroll,,Rừng ngủ say
(Quỷ) Cuộn giấy áo toàn thân tăng may mắn 30%,30%,,,Scroll,,Rừng ngủ say
(Quỷ) Cuộn giấy áo toàn thân tăng sức mạnh 30%,30%,,,Scroll,,Rừng ngủ say
(Quỷ) Cuộn giấy giày tăng khéo léo 30%,30%,,,Scroll,,Rừng ngủ say
(Quỷ) Cuộn giấy áo tăng sức mạnh 10%,10%,,,Scroll,,Rừng ngủ say
Mặt nạ khóc,+JUMP,7,Lười ghi bome,Phụ kiện mặt,FULL,Rừng ngủ say
Lá phong đỏ,+INT,7,Lười ghi bome,Phụ kiện mặt,FULL,Rừng ngủ say
Lá phong đỏ,+STR,7,Lười ghi bome,Phụ kiện mặt,FULL,Rừng ngủ say
Lá phong đỏ,+DEX,7,Lười ghi bome,Phụ kiện mặt,FULL,Rừng ngủ say
Lá phong đỏ,+LUK,7,Lười ghi bome,Phụ kiện mặt,FULL,Rừng ngủ say
Mặt nạ gấu mèo,Tự vào game xem đi,7,LV: 35,Mắt kính,FULL,Rừng ngủ say
Mặt nạ vui vẻ,+SPEED,7,Lười ghi bome,Phụ kiện mặt,FULL,Rừng ngủ say
Mũ khúc côn cầu đen,Tự vào game xem đi,7,Lười ghi bome,Mũ,FULL,Rừng ngủ say
Mũ trùm đầu sao đen,Tự vào game xem đi,7,Lười ghi bome,Mũ,FULL,Rừng ngủ say
Mũ khúc côn cầu xanh,Tự vào game xem đi,7,Lười ghi bome,Mũ,FULL,Rừng ngủ say
Mũ đào vàng,Tự vào game xem đi,7,Lười ghi bome,Mũ,FULL,Rừng ngủ say
Tai chồn nâu,Tự vào game xem đi,7,Lười ghi bome,Mũ,FULL,Rừng ngủ say
Mũ khúc côn cầu tím,Tự vào game xem đi,7,Lười ghi bome,Mũ,FULL,Rừng ngủ say
Mũ thợ làm đồ chơi,Tự vào game xem đi,7,Lười ghi bome,Mũ,FULL,Rừng ngủ say
Mũ trùm đầu sao trắng,Tự vào game xem đi,7,Lười ghi bome,Mũ,FULL,Rừng ngủ say
Găng tay lao động xanh,Tự vào game xem đi,5,Lười ghi bome,Găng tay,FULL,Rừng ngủ say
Găng tay lao động xám,Tự vào game xem đi,5,Lười ghi bome,Găng tay,FULL,Rừng ngủ say
Găng tay lao động tím,Tự vào game xem đi,5,Lười ghi bome,Găng tay,FULL,Rừng ngủ say
Găng tay lao động đỏ,Tự vào game xem đi,5,Lười ghi bome,Găng tay,FULL,Rừng ngủ say
Xăng đan có quai hậu đen,Tự vào game xem đi,5,Lười ghi bome,Giày,FULL,Rừng ngủ say
Xăng đan có quai hậu xanh lục,+SPEED,5,Lười ghi bome,Giày,FULL,Rừng ngủ say
Thương tre,Tự vào game xem đi,7,Lười ghi bome,Vũ khí,FULL,Rừng ngủ say
Cành tre hoa quả,Tự vào game xem đi,7,Lười ghi bome,Vũ khí,FULL,Rừng ngủ say
Vòng lắc,Tự vào game xem đi,7,Lười ghi bome,Vũ khí,FULL,Rừng ngủ say
Bảng pha màu,Tự vào game xem đi,7,Lười ghi bome,Khiên,FULL,Rừng ngủ say
Nấm độc,Tự vào game xem đi,7,Lười ghi bome,Vũ khí,Magician,Rừng ngủ say
Dù đỏ,Tự vào game xem đi,7,Lười ghi bome,Vũ khí,FULL,Rừng ngủ say
Cuộn giấy quần tăng khéo léo 60%,60%,,,Scroll,,Rừng ngủ say
(Quỷ) Cuộn giấy quần tăng sinh lực 70%,70%,,,Scroll,,Rừng ngủ say
(Quỷ) Cuộn giấy quần tăng lực nhảy 70%,70%,,,Scroll,,Rừng ngủ say
(Quỷ) Cuộn giấy áo choàng tăng khéo léo 70%,70%,,,Scroll,,Rừng ngủ say
Cuộn giấy áo choàng tăng nội lực 60%,60%,,,Scroll,,Rừng ngủ say
(Quỷ) Cuộn giấy áo choàng tăng trí tuệ 70%,70%,,,Scroll,,Rừng ngủ say
(Quỷ) Cuộn giấy áo choàng tăng may mắn 70%,70%,,,Scroll,,Rừng ngủ say
(Quỷ) Cuộn giấy hoa tai tăng trí tuệ 70%,70%,,,Scroll,,Rừng ngủ say
(Quỷ) Cuộn giấy hoa tai tăng khéo léo 70%,70%,,,Scroll,,Rừng ngủ say
Cuộn giấy găng tay tăng khéo léo 60%,60%,,,Scroll,,Rừng ngủ say
(Quỷ) Cuộn giấy găng tay tăng khéo léo 70%,70%,,,Scroll,,Rừng ngủ say
Cuộn giấy găng tay tăng sinh lực 60%,60%,,,Scroll,,Rừng ngủ say
(Quỷ) Cuộn giấy mũ tăng chính xác 70%,70%,,,Scroll,,Rừng ngủ say
(Quỷ) Cuộn giấy mũ tăng khéo léo 70%,70%,,,Scroll,,Rừng ngủ say
(Quỷ) Cuộn giấy mũ tăng sinh lực 70%,70%,,,Scroll,,Rừng ngủ say
Cuộn giấy áo toàn thân tăng phòng thủ 60%,60%,,,Scroll,,Rừng ngủ say
(Quỷ) Cuộn giấy mũ tăng phòng thủ 70%,70%,,,Scroll,,Rừng ngủ say
(Quỷ) Cuộn giấy áo toàn thân tăng phòng thủ 70%,70%,,,Scroll,,Rừng ngủ say
Cuộn giấy áo toàn thân tăng khéo léo 60%,60%,,,Scroll,,Rừng ngủ say
(Quỷ) Cuộn giấy áo toàn thân tăng khéo léo 70%,70%,,,Scroll,,Rừng ngủ say
Cuộn giấy áo toàn thân tăng trí tuệ 60%,60%,,,Scroll,,Rừng ngủ say
(Quỷ) Cuộn giấy áo toàn thân tăng trí tuệ 70%,70%,,,Scroll,,Rừng ngủ say
Cuộn giấy áo toàn thân tăng may mắn 60%,60%,,,Scroll,,Rừng ngủ say
(Quỷ) Cuộn giấy áo toàn thân tăng may mắn 70%,70%,,,Scroll,,Rừng ngủ say
Cuộn giấy áo toàn thân tăng sức mạnh 60%,60%,,,Scroll,,Rừng ngủ say
Cuộn giấy trang bị thú cưng tăng lực nhảy 60%,60%,,,Scroll,,Rừng ngủ say
Cuộn giấy trang bị thú cưng tăng tốc độ 60%,60%,,,Scroll,,Rừng ngủ say
(Quỷ) Cuộn giấy khiên tăng tấn công vật lý 70%,70%,,,Scroll,,Rừng ngủ say
Cuộn giấy giày tăng khéo léo 60%,60%,,,Scroll,,Rừng ngủ say
Cuộn giấy giày tăng lực nhảy 60%,60%,,,Scroll,,Rừng ngủ say
Cuộn giấy giày tăng tốc độ 60%,60%,,,Scroll,,Rừng ngủ say
Cuộn giấy áo tăng sức mạnh 60%,60%,,,Scroll,,Rừng ngủ say
Advanced Equip Enhancement Scroll,,,,Scroll,,Rừng ngủ say
Hoa tai lá pha lê,+M.ATT,6,LV: 40,Hoa tai,FULL,Rừng ngủ say
Găng tay giữ nhiệt,+M.ATT,5,LV: 50,Găng tay,FULL,Rừng ngủ say
Áo choàng thiên lang,+SPEED,5,LV: 50,Áo choàng,FULL,Rừng ngủ say
Đũa băng,Tự vào game xem đi,7,LV: 70,Vũ khí,Magician,Rừng ngủ say
Quạt,Tự vào game xem đi,7,Lười ghi bome,Vũ khí,FULL,Rừng ngủ say
Xiên nướng khoai,Tự vào game xem đi,7,LV: 75,Vũ khí,FULL,Rừng ngủ say
Ván lướt sóng đỏ,Tự vào game xem đi,7,LV: 95,Vũ khí,FULL,Rừng ngủ say
Gậy phép tảng băng,Tự vào game xem đi,7,LV: 130,Vũ khí,Magician,Rừng ngủ say
Thuốc tiên,,,,Use,,Thánh địa nấm
Phô mai tan,,,,Use,,Thánh địa nấm
Dưa hấu,,,,Use,,Thánh địa nấm
Rượu táo đỏ,,,,Use,,Thánh địa nấm
(Quỷ) Cuộn giấy quần tăng khéo léo 30%,30%,,,Scroll,,Thánh địa nấm
(Quỷ) Cuộn giấy quần tăng lực nhảy 30%,30%,,,Scroll,,Thánh địa nấm
(Quỷ) Cuộn giấy quần tăng phòng thủ 30%,30%,,,Scroll,,Thánh địa nấm
(Quỷ) Cuộn giấy quần tăng sinh lực 30%,30%,,,Scroll,,Thánh địa nấm
(Quỷ) Cuộn giấy cung tăng tấn công vật lý 30%,30%,,,Scroll,,Thánh địa nấm
(Quỷ) Cuộn giấy áo choàng tăng khéo léo 30%,30%,,,Scroll,,Thánh địa nấm
(Quỷ) Cuộn giấy áo choàng tăng sinh lực 30%,30%,,,Scroll,,Thánh địa nấm
(Quỷ) Cuộn giấy áo choàng tăng trí tuệ 30%,30%,,,Scroll,,Thánh địa nấm
(Quỷ) Cuộn giấy áo choàng tăng may mắn 30%,30%,,,Scroll,,Thánh địa nấm
(Quỷ) Cuộn giấy áo choàng tăng sức mạnh 30%,30%,,,Scroll,,Thánh địa nấm
(Quỷ) Cuộn giấy áo choàng tăng nội lực 30%,30%,,,Scroll,,Thánh địa nấm
(Quỷ) Cuộn giấy áo choàng tăng phòng thủ pháp thuật 30%,30%,,,Scroll,,Thánh địa nấm
(Quỷ) Cuộn giấy áo choàng tăng phòng thủ vật lý 30%,30%,,,Scroll,,Thánh địa nấm
(Quỷ) Cuộn giấy vuốt tăng tấn công vật lý 30%,30%,,,Scroll,,Thánh địa nấm
(Quỷ) Cuộn giấy dao găm tăng tấn công vật lý 30%,30%,,,Scroll,,Thánh địa nấm
(Quỷ) Cuộn giấy nỏ tăng tấn công vật lý 30%,30%,,,Scroll,,Thánh địa nấm
(Quỷ) Cuộn giấy hoa tai tăng trí tuệ 30%,30%,,,Scroll,,Thánh địa nấm
(Quỷ) Cuộn giấy hoa tai tăng khéo léo 30%,30%,,,Scroll,,Thánh địa nấm
(Quỷ) Cuộn giấy hoa tai tăng phòng thủ 30%,30%,,,Scroll,,Thánh địa nấm
(Quỷ) Cuộn giấy hoa tai tăng sinh lực 30%,30%,,,Scroll,,Thánh địa nấm
(Quỷ) Cuộn giấy hoa tai tăng may mắn 30%,30%,,,Scroll,,Thánh địa nấm
(Quỷ) Cuộn giấy mắt kính tăng chính xác 30%,30%,,,Scroll,,Thánh địa nấm
(Quỷ) Cuộn giấy mắt kính tăng trí tuệ 30%,30%,,,Scroll,,Thánh địa nấm
(Quỷ) Cuộn giấy phụ kiện mặt tăng né tránh 30%,30%,,,Scroll,,Thánh địa nấm
(Quỷ) Cuộn giấy phụ kiện mặt tăng sinh lực 30%,30%,,,Scroll,,Thánh địa nấm
(Quỷ) Cuộn giấy găng tay tăng khéo léo 30%,30%,,,Scroll,,Thánh địa nấm
(Quỷ) Cuộn giấy găng tay tăng tấn công vật lý 30%,30%,,,Scroll,,Thánh địa nấm
(Quỷ) Cuộn giấy găng tay tăng tấn công pháp thuật 30%,30%,,,Scroll,,Thánh địa nấm
(Quỷ) Cuộn giấy găng tay tăng sinh lực 30%,30%,,,Scroll,,Thánh địa nấm
(Quỷ) Cuộn giấy súng tăng tấn công vật lý 30%,30%,,,Scroll,,Thánh địa nấm
(Quỷ) Cuộn giấy mũ tăng chính xác 30%,30%,,,Scroll,,Thánh địa nấm
(Quỷ) Cuộn giấy mũ tăng khéo léo 30%,30%,,,Scroll,,Thánh địa nấm
(Quỷ) Cuộn giấy mũ tăng sinh lực 30%,30%,,,Scroll,,Thánh địa nấm
(Quỷ) Cuộn giấy mũ tăng phòng thủ 30%,30%,,,Scroll,,Thánh địa nấm
(Quỷ) Cuộn giấy mũ tăng trí tuệ 30%,30%,,,Scroll,,Thánh địa nấm
(Quỷ) Cuộn giấy găng đấm tăng chính xác 30%,30%,,,Scroll,,Thánh địa nấm
(Quỷ) Cuộn giấy găng đấm tăng tấn công vật lý 30%,30%,,,Scroll,,Thánh địa nấm
(Quỷ) Cuộn giấy rìu đơn tăng tấn công vật lý 30%,30%,,,Scroll,,Thánh địa nấm
(Quỷ) Cuộn giấy búa đơn tăng tấn công vật lý 30%,30%,,,Scroll,,Thánh địa nấm
(Quỷ) Cuộn giấy kiếm đơn tăng tấn công vật lý 30%,30%,,,Scroll,,Thánh địa nấm
(Quỷ) Cuộn giấy áo toàn thân tăng khéo léo 30%,30%,,,Scroll,,Thánh địa nấm
(Quỷ) Cuộn giấy áo toàn thân tăng phòng thủ 30%,30%,,,Scroll,,Thánh địa nấm
(Quỷ) Cuộn giấy đại đao tăng tấn công vật lý 30%,30%,,,Scroll,,Thánh địa nấm
(Quỷ) Cuộn giấy thương tăng chính xác 30%,30%,,,Scroll,,Thánh địa nấm
(Quỷ) Cuộn giấy rìu đôi tăng tấn công vật lý 30%,30%,,,Scroll,,Thánh địa nấm
(Quỷ) Cuộn giấy búa đôi tăng tấn công vật lý 30%,30%,,,Scroll,,Thánh địa nấm
(Quỷ) Cuộn giấy kiếm đôi tăng tấn công vật lý 30%,30%,,,Scroll,,Thánh địa nấm
(Quỷ) Cuộn giấy kiếm đơn tăng tấn công pháp thuật 30%,30%,,,Scroll,,Thánh địa nấm
(Quỷ) Cuộn giấy kiếm đơn tăng chính xác 30%,30%,,,Scroll,,Thánh địa nấm
(Quỷ) Cuộn giấy rìu đơn tăng chính xác 30%,30%,,,Scroll,,Thánh địa nấm
(Quỷ) Cuộn giấy búa đơn tăng chính xác 30%,30%,,,Scroll,,Thánh địa nấm
(Quỷ) Cuộn giấy áo toàn thân tăng trí tuệ 30%,30%,,,Scroll,,Thánh địa nấm
(Quỷ) Cuộn giấy áo toàn thân tăng sức mạnh 30%,30%,,,Scroll,,Thánh địa nấm
(Quỷ) Cuộn giấy khiên tăng phòng thủ 30%,30%,,,Scroll,,Thánh địa nấm
(Quỷ) Cuộn giấy khiên tăng sinh lực 30%,30%,,,Scroll,,Thánh địa nấm
(Quỷ) Cuộn giấy khiên tăng may mắn 30%,30%,,,Scroll,,Thánh địa nấm
(Quỷ) Cuộn giấy giày tăng khéo léo 30%,30%,,,Scroll,,Thánh địa nấm
(Quỷ) Cuộn giấy giày tăng lực nhảy 30%,30%,,,Scroll,,Thánh địa nấm
(Quỷ) Cuộn giấy giày tăng tốc độ 30%,30%,,,Scroll,,Thánh địa nấm
(Quỷ) Cuộn giấy trượng tăng tấn công pháp thuật 30%,30%,,,Scroll,,Thánh địa nấm
(Quỷ) Cuộn giấy áo tăng sinh lực 30%,30%,,,Scroll,,Thánh địa nấm
(Quỷ) Cuộn giấy áo tăng phòng thủ 30%,30%,,,Scroll,,Thánh địa nấm
(Quỷ) Cuộn giấy áo tăng may mắn 30%,30%,,,Scroll,,Thánh địa nấm
(Quỷ) Cuộn giấy áo tăng sức mạnh 30%,30%,,,Scroll,,Thánh địa nấm
(Quỷ) Cuộn giấy rìu đôi tăng chính xác 30%,30%,,,Scroll,,Thánh địa nấm
(Quỷ) Cuộn giấy búa đôi tăng chính xác 30%,30%,,,Scroll,,Thánh địa nấm
(Quỷ) Cuộn giấy kiếm đôi tăng chính xác 30%,30%,,,Scroll,,Thánh địa nấm
(Quỷ) Cuộn giấy gậy phép tăng tấn công pháp thuật 30%,30%,,,Scroll,,Thánh địa nấm
Dark scroll for Hand Cannon for ATT 30%,30%,,,Scroll,,Thánh địa nấm
Áo choàng thần đất vàng,Tự vào game xem đi,8,LV: 65,Áo choàng,FULL,Thánh địa nấm
(Quỷ) Cuộn giấy quần tăng khéo léo 70%,70%,,,Scroll,,Thánh địa nấm
(Quỷ) Cuộn giấy quần tăng lực nhảy 70%,70%,,,Scroll,,Thánh địa nấm
(Quỷ) Cuộn giấy quần tăng sinh lực 70%,70%,,,Scroll,,Thánh địa nấm
(Quỷ) Cuộn giấy cung tăng tấn công vật lý 70%,70%,,,Scroll,,Thánh địa nấm
(Quỷ) Cuộn giấy áo choàng tăng khéo léo 70%,70%,,,Scroll,,Thánh địa nấm
(Quỷ) Cuộn giấy áo choàng tăng sinh lực 70%,70%,,,Scroll,,Thánh địa nấm
(Quỷ) Cuộn giấy áo choàng tăng trí tuệ 70%,70%,,,Scroll,,Thánh địa nấm
(Quỷ) Cuộn giấy áo choàng tăng may mắn 70%,70%,,,Scroll,,Thánh địa nấm
(Quỷ) Cuộn giấy áo choàng tăng sức mạnh 70%,70%,,,Scroll,,Thánh địa nấm
(Quỷ) Cuộn giấy áo choàng tăng nội lực 70%,70%,,,Scroll,,Thánh địa nấm
(Quỷ) Cuộn giấy áo choàng tăng phòng thủ pháp thuật 70%,70%,,,Scroll,,Thánh địa nấm
(Quỷ) Cuộn giấy áo choàng tăng phòng thủ vật lý 70%,70%,,,Scroll,,Thánh địa nấm
(Quỷ) Cuộn giấy dao găm tăng tấn công vật lý 70%,70%,,,Scroll,,Thánh địa nấm
(Quỷ) Cuộn giấy nỏ tăng tấn công vật lý 70%,70%,,,Scroll,,Thánh địa nấm
(Quỷ) Cuộn giấy hoa tai tăng trí tuệ 70%,70%,,,Scroll,,Thánh địa nấm
(Quỷ) Cuộn giấy hoa tai tăng khéo léo 70%,70%,,,Scroll,,Thánh địa nấm
(Quỷ) Cuộn giấy hoa tai tăng phòng thủ 70%,70%,,,Scroll,,Thánh địa nấm
(Quỷ) Cuộn giấy hoa tai tăng sinh lực 70%,70%,,,Scroll,,Thánh địa nấm
(Quỷ) Cuộn giấy hoa tai tăng may mắn 70%,70%,,,Scroll,,Thánh địa nấm
(Quỷ) Cuộn giấy mắt kính tăng chính xác 70%,70%,,,Scroll,,Thánh địa nấm
(Quỷ) Cuộn giấy mắt kính tăng trí tuệ 70%,70%,,,Scroll,,Thánh địa nấm
(Quỷ) Cuộn giấy phụ kiện mặt tăng né tránh 70%,70%,,,Scroll,,Thánh địa nấm
(Quỷ) Cuộn giấy phụ kiện mặt tăng sinh lực 70%,70%,,,Scroll,,Thánh địa nấm
(Quỷ) Cuộn giấy găng tay tăng khéo léo 70%,70%,,,Scroll,,Thánh địa nấm
(Quỷ) Cuộn giấy găng tay tăng tấn công vật lý 70%,70%,,,Scroll,,Thánh địa nấm
(Quỷ) Cuộn giấy găng tay tăng tấn công pháp thuật 70%,70%,,,Scroll,,Thánh địa nấm
(Quỷ) Cuộn giấy găng tay tăng sinh lực 70%,70%,,,Scroll,,Thánh địa nấm
(Quỷ) Cuộn giấy súng tăng tấn công vật lý 70%,70%,,,Scroll,,Thánh địa nấm
(Quỷ) Cuộn giấy mũ tăng chính xác 70%,70%,,,Scroll,,Thánh địa nấm
(Quỷ) Cuộn giấy mũ tăng trí tuệ 70%,70%,,,Scroll,,Thánh địa nấm
(Quỷ) Cuộn giấy găng đấm tăng chính xác 70%,70%,,,Scroll,,Thánh địa nấm
(Quỷ) Cuộn giấy găng đấm tăng tấn công vật lý 70%,70%,,,Scroll,,Thánh địa nấm
(Quỷ) Cuộn giấy rìu đơn tăng chính xác 70%,70%,,,Scroll,,Thánh địa nấm
(Quỷ) Cuộn giấy rìu đơn tăng tấn công vật lý 70%,70%,,,Scroll,,Thánh địa nấm
(Quỷ) Cuộn giấy búa đơn tăng tấn công vật lý 70%,70%,,,Scroll,,Thánh địa nấm
(Quỷ) Cuộn giấy búa đơn tăng chính xác 70%,70%,,,Scroll,,Thánh địa nấm
(Quỷ) Cuộn giấy kiếm đơn tăng tấn công pháp thuật 70%,70%,,,Scroll,,Thánh địa nấm
(Quỷ) Cuộn giấy kiếm đơn tăng chính xác 70%,70%,,,Scroll,,Thánh địa nấm
(Quỷ) Cuộn giấy kiếm đơn tăng tấn công vật lý 70%,70%,,,Scroll,,Thánh địa nấm
(Quỷ) Cuộn giấy áo toàn thân tăng khéo léo 70%,70%,,,Scroll,,Thánh địa nấm
(Quỷ) Cuộn giấy áo toàn thân tăng phòng thủ 70%,70%,,,Scroll,,Thánh địa nấm
(Quỷ) Cuộn giấy áo toàn thân tăng trí tuệ 70%,70%,,,Scroll,,Thánh địa nấm
(Quỷ) Cuộn giấy áo toàn thân tăng may mắn 70%,70%,,,Scroll,,Thánh địa nấm
(Quỷ) Cuộn giấy áo toàn thân tăng sức mạnh 70%,70%,,,Scroll,,Thánh địa nấm
(Quỷ) Cuộn giấy đại đao tăng tấn công vật lý 70%,70%,,,Scroll,,Thánh địa nấm
(Quỷ) Cuộn giấy khiên tăng phòng thủ 70%,70%,,,Scroll,,Thánh địa nấm
(Quỷ) Cuộn giấy khiên tăng sinh lực 70%,70%,,,Scroll,,Thánh địa nấm
(Quỷ) Cuộn giấy khiên tăng may mắn 70%,70%,,,Scroll,,Thánh địa nấm
(Quỷ) Cuộn giấy khiên tăng tấn công pháp thuật 70%,70%,,,Scroll,,Thánh địa nấm
(Quỷ) Cuộn giấy giày tăng khéo léo 70%,70%,,,Scroll,,Thánh địa nấm
(Quỷ) Cuộn giấy giày tăng lực nhảy 70%,70%,,,Scroll,,Thánh địa nấm
(Quỷ) Cuộn giấy giày tăng tốc độ 70%,70%,,,Scroll,,Thánh địa nấm
(Quỷ) Cuộn giấy trượng tăng tấn công pháp thuật 70%,70%,,,Scroll,,Thánh địa nấm
(Quỷ) Cuộn giấy thương tăng chính xác 70%,70%,,,Scroll,,Thánh địa nấm
(Quỷ) Cuộn giấy áo tăng sinh lực 70%,70%,,,Scroll,,Thánh địa nấm
(Quỷ) Cuộn giấy áo tăng phòng thủ 70%,70%,,,Scroll,,Thánh địa nấm
(Quỷ) Cuộn giấy áo tăng may mắn 70%,70%,,,Scroll,,Thánh địa nấm
(Quỷ) Cuộn giấy áo tăng sức mạnh 70%,70%,,,Scroll,,Thánh địa nấm
(Quỷ) Cuộn giấy rìu đôi tăng chính xác 70%,70%,,,Scroll,,Thánh địa nấm
(Quỷ) Cuộn giấy búa đôi tăng chính xác 70%,70%,,,Scroll,,Thánh địa nấm
(Quỷ) Cuộn giấy kiếm đôi tăng chính xác 70%,70%,,,Scroll,,Thánh địa nấm
(Quỷ) Cuộn giấy rìu đôi tăng tấn công vật lý 70%,70%,,,Scroll,,Thánh địa nấm
(Quỷ) Cuộn giấy búa đôi tăng tấn công vật lý 70%,70%,,,Scroll,,Thánh địa nấm
(Quỷ) Cuộn giấy kiếm đôi tăng tấn công vật lý 70%,70%,,,Scroll,,Thánh địa nấm
(Quỷ) Cuộn giấy gậy phép tăng tấn công pháp thuật 70%,70%,,,Scroll,,Thánh địa nấm
Cuộn giấy tinh khiết 5%,,,,Scroll,,Thánh địa nấm
Advanced Equip Enhancement Scroll,,,,Scroll,,Thánh địa nấm
Găng tay bão tố,+ATT,5,LV: 50,Găng tay,FULL,Thánh địa nấm
Áo choàng thần đất tím,+M.ATT,5,LV: 65,Áo choàng,FULL,Thánh địa nấm
Gậy băng,Tự vào game xem đi,7,LV: 103,Vũ khí,Magician,Thánh địa nấm
Gậy phép cực độc,Tự vào game xem đi,7,LV: 130,Vũ khí,Magician,Thánh địa nấm
Kadomatsu,,,,Chair,,Thánh địa nấm
Resplendent Summer Night Chair,,,,Chair,,Thánh địa nấm
Ghế cà rốt đỏ,,,,Chair,,Thánh địa nấm
Bloody Rose,,,,Chair,,Thánh địa nấm
Thuốc tiên,,,,Use,,Suối nước nóng
Phô mai tan,,,,Use,,Suối nước nóng
thuốc tiên lớn,,,,Use,,Suối nước nóng
Dưa hấu,,,,Use,,Suối nước nóng
Cuộn giấy quần tăng khéo léo 100%,100%,,,Scroll,,Suối nước nóng
Cuộn giấy quần tăng lực nhảy 100%,100%,,,Scroll,,Suối nước nóng
Cuộn giấy quần tăng phòng thủ 100%,100%,,,Scroll,,Suối nước nóng
Cuộn giấy quần tăng sinh lực 100%,100%,,,Scroll,,Suối nước nóng
Cuộn giấy áo choàng tăng khéo léo 10%,10%,,,Scroll,,Suối nước nóng
Cuộn giấy áo choàng tăng may mắn 10%,10%,,,Scroll,,Suối nước nóng
Cuộn giấy hoa tai tăng sinh lực 10%,10%,,,Scroll,,Suối nước nóng
Cuộn giấy hoa tai tăng may mắn 100%,100%,,,Scroll,,Suối nước nóng
Cuộn giấy áo toàn thân tăng phòng thủ 100%,100%,,,Scroll,,Suối nước nóng
Cuộn giấy áo toàn thân tăng trí tuệ 100%,100%,,,Scroll,,Suối nước nóng
Cuộn giấy áo toàn thân tăng may mắn 100%,100%,,,Scroll,,Suối nước nóng
Cuộn giấy áo toàn thân tăng sức mạnh 100%,100%,,,Scroll,,Suối nước nóng
Cuộn giấy khiên tăng sức mạnh 10%,10%,,,Scroll,,Suối nước nóng
Cuộn giấy giày tăng khéo léo 100%,100%,,,Scroll,,Suối nước nóng
Cuộn giấy giày tăng tốc độ 100%,100%,,,Scroll,,Suối nước nóng
Cuộn giấy áo tăng phòng thủ 100%,100%,,,Scroll,,Suối nước nóng
Cuộn giấy áo tăng sinh lực 100%,100%,,,Scroll,,Suối nước nóng
Cuộn giấy áo tăng may mắn 100%,100%,,,Scroll,,Suối nước nóng
Cuộn giấy áo tăng sức mạnh 100%,100%,,,Scroll,,Suối nước nóng
Mặt nạ giận dữ,Tự vào game xem đi,7,Lười ghi bome,Phụ kiện mặt,FULL,Suối nước nóng
Lá phong đỏ,+INT,7,Lười ghi bome,Phụ kiện mặt,FULL,Suối nước nóng
Lá phong đỏ,+STR,7,Lười ghi bome,Phụ kiện mặt,FULL,Suối nước nóng
Lá phong đỏ,+DEX,7,Lười ghi bome,Phụ kiện mặt,FULL,Suối nước nóng
Lá phong đỏ,+LUK,7,Lười ghi bome,Phụ kiện mặt,FULL,Suối nước nóng
Mũ đỏ khúc côn cầu cũ,Tự vào game xem đi,7,Lười ghi bome,Mũ,FULL,Suối nước nóng
Găng tay lao động vàng,Tự vào game xem đi,5,Lười ghi bome,Găng tay,FULL,Suối nước nóng
Áo choàng đỏ rách rưới,Tự vào game xem đi,5,Lười ghi bome,Áo choàng,FULL,Suối nước nóng
Áo choàng hành trình vàng,Tự vào game xem đi,8,LV: 50,Áo choàng,FULL,Suối nước nóng
Cần câu cá,Tự vào game xem đi,7,Lười ghi bome,Vũ khí,FULL,Suối nước nóng
Dù lục,Tự vào game xem đi,7,Lười ghi bome,Vũ khí,FULL,Suối nước nóng
Ván trượt tuyết bạc,Tự vào game xem đi,7,Lười ghi bome,Vũ khí,FULL,Suối nước nóng
Xương rồng thế giới thực,Tự vào game xem đi,7,Lười ghi bome,Vũ khí,FULL,Suối nước nóng
Bản đồ Nhật bản,Tự vào game xem đi,7,Lười ghi bome,Vũ khí,FULL,Suối nước nóng
Quạt nhật hoàng,Tự vào game xem đi,7,Lười ghi bome,Vũ khí,FULL,Suối nước nóng
Đạn vĩnh cửu,Tự vào game xem đi,,,Đạn,Priate,Suối nước nóng
Phi tiêu hỏa tinh,Tự vào game xem đi,,,Phi tiêu,Thief,Suối nước nóng
Cuộn giấy hoa tai tăng trí tuệ 60%,60%,,,Scroll,,Suối nước nóng
Cuộn giấy mắt kính tăng trí tuệ 60%,60%,,,Scroll,,Suối nước nóng
Cuộn giấy phụ kiện mặt tăng né tránh 60%,60%,,,Scroll,,Suối nước nóng
Cuộn giấy găng tay tăng khéo léo 60%,60%,,,Scroll,,Suối nước nóng
Cuộn giấy găng tay tăng sinh lực 60%,60%,,,Scroll,,Suối nước nóng
Cuộn giấy găng tay tăng tấn công pháp thuật 60%,60%,,,Scroll,,Suối nước nóng
Cuộn giấy mũ tăng chính xác 60%,60%,,,Scroll,,Suối nước nóng
Cuộn giấy mũ tăng khéo léo 60%,60%,,,Scroll,,Suối nước nóng
Cuộn giấy mũ tăng trí tuệ 60%,60%,,,Scroll,,Suối nước nóng
Cuộn giấy kiếm đơn tăng tấn công pháp thuật 60%,60%,,,Scroll,,Suối nước nóng
Cuộn giấy khiên tăng sinh lực 60%,60%,,,Scroll,,Suối nước nóng
Cuộn giấy khiên tăng may mắn 60%,60%,,,Scroll,,Suối nước nóng
Cuộn giấy khiên tăng tấn công pháp thuật 60%,60%,,,Scroll,,Suối nước nóng
Cuộn giấy khiên tăng tấn công vật lý 60%,60%,,,Scroll,,Suối nước nóng
Cuộn giấy giày tăng lực nhảy 60%,60%,,,Scroll,,Suối nước nóng
Găng tay dạ quang đỏ,Tự vào game xem đi,5,Lười ghi bome,Găng tay,FULL,Suối nước nóng
Áo choàng lính ngự lâm lam,Tự vào game xem đi,5,Lười ghi bome,Áo choàng,FULL,Suối nước nóng
Bullseye board,Tự vào game xem đi,7,Lười ghi bome,Vũ khí,FULL,Suối nước nóng
Đũa độc,Tự vào game xem đi,7,LV: 70,Vũ khí,Magician,Suối nước nóng
Phao hồng phấn (gậy),Tự vào game xem đi,7,Lười ghi bome,Vũ khí,Magician,Suối nước nóng
Dù đỏ,Tự vào game xem đi,7,Lười ghi bome,Vũ khí,FULL,Suối nước nóng
Ván trượt tuyết xanh dương,Tự vào game xem đi,7,Lười ghi bome,Vũ khí,FULL,Suối nước nóng
Chổi lau nhà màu trắng,Tự vào game xem đi,7,Lười ghi bome,Vũ khí,FULL,Suối nước nóng
Gậy phép bão sét,Tự vào game xem đi,7,LV: 130,Vũ khí,Magician,Suối nước nóng
Ghế biển,,,,Chair,,Suối nước nóng
Thuốc tiên,,,,Use,,Thành phố lá mới
Phô mai tan,,,,Use,,Thành phố lá mới
Thuốc tiên lớn,,,,Use,,Thành phố lá mới
Dưa hấu,,,,Use,,Thành phố lá mới
Cuộn giấy áo choàng tăng sinh lực 100%,100%,,,Scroll,,Thành phố lá mới
Cuộn giấy áo choàng tăng trí tuệ 100%,100%,,,Scroll,,Thành phố lá mới
Cuộn giấy áo choàng tăng khéo léo 100%,100%,,,Scroll,,Thành phố lá mới
Cuộn giấy áo choàng tăng may mắn 100%,100%,,,Scroll,,Thành phố lá mới
Cuộn giấy áo choàng tăng sức mạnh 100%,100%,,,Scroll,,Thành phố lá mới
Cuộn giấy áo choàng tăng phòng thủ vật lý 100%,100%,,,Scroll,,Thành phố lá mới
Cuộn giấy hoa tai tăng phòng thủ 100%,100%,,,Scroll,,Thành phố lá mới
Cuộn giấy hoa tai tăng khéo léo 10%,10%,,,Scroll,,Thành phố lá mới
Cuộn giấy hoa tai tăng sinh lực 10%,10%,,,Scroll,,Thành phố lá mới
Cuộn giấy hoa tai tăng trí tuệ 10%,10%,,,Scroll,,Thành phố lá mới
Cuộn giấy hoa tai tăng may mắn 10%,10%,,,Scroll,,Thành phố lá mới
Cuộn giấy mắt kính tăng chính xác 10%,10%,,,Scroll,,Thành phố lá mới
Cuộn giấy mắt kính tăng trí tuệ 10%,10%,,,Scroll,,Thành phố lá mới
Cuộn giấy phụ kiện mặt tăng né tránh 10%,10%,,,Scroll,,Thành phố lá mới
Cuộn giấy phụ kiện mặt tăng sinh lực 10%,10%,,,Scroll,,Thành phố lá mới
Cuộn giấy găng tay tăng sinh lực 10%,10%,,,Scroll,,Thành phố lá mới
Cuộn giấy găng tay tăng tấn công pháp thuật 100%,100%,,,Scroll,,Thành phố lá mới
Cuộn giấy mũ tăng chính xác 100%,100%,,,Scroll,,Thành phố lá mới
Cuộn giấy mũ tăng khéo léo 10%,10%,,,Scroll,,Thành phố lá mới
Cuộn giấy mũ tăng trí tuệ 10%,10%,,,Scroll,,Thành phố lá mới
Cuộn giấy áo toàn thân tăng khéo léo 10%,10%,,,Scroll,,Thành phố lá mới
Cuộn giấy áo toàn thân tăng may mắn 10%,10%,,,Scroll,,Thành phố lá mới
Cuộn giấy khiên tăng phòng thủ 10%,10%,,,Scroll,,Thành phố lá mới
Cuộn giấy khiên tăng sinh lực 10%,10%,,,Scroll,,Thành phố lá mới
Cuộn giấy khiên tăng may mắn 10%,10%,,,Scroll,,Thành phố lá mới
Cuộn giấy khiên tăng tấn công pháp thuật 10%,10%,,,Scroll,,Thành phố lá mới
Cuộn giấy khiên tăng tấn công vật lý 10%,10%,,,Scroll,,Thành phố lá mới
Cuộn giấy áo tăng may mắn 10%,10%,,,Scroll,,Thành phố lá mới
(Quỷ) Cuộn giấy áo toàn thân tăng trí tuệ 30%,30%,,,Scroll,,Thành phố lá mới
(Quỷ) Cuộn giấy áo toàn thân tăng khéo léo 30%,30%,,,Scroll,,Thành phố lá mới
Nơ lục,Tự vào game xem đi,7,Lười ghi bome,Dây chuyền,FULL,Thành phố lá mới
Mũi nhánh cây,Tự vào game xem đi,7,Lười ghi bome,Phụ kiện mặt,FULL,Thành phố lá mới
Miệng chuột,Tự vào game xem đi,7,Lười ghi bome,Phụ kiện mặt,FULL,Thành phố lá mới
Cọ vẽ đen,Tự vào game xem đi,7,Lười ghi bome,Vũ khí,FULL,Thành phố lá mới
Cá ngừ đóng băng,Tự vào game xem đi,7,Lười ghi bome,Vũ khí,FULL,Thành phố lá mới
Dù tím nhạt,Tự vào game xem đi,7,Lười ghi bome,Vũ khí,FULL,Thành phố lá mới
Nhiệt kế,Tự vào game xem đi,7,Lười ghi bome,Vũ khí,FULL,Thành phố lá mới
Đạn vĩnh cửu,Tự vào game xem đi,,,Đạn,Priate,Thành phố lá mới
Phi tiêu hỏa tinh,Tự vào game xem đi,,,Phi tiêu,Thief,Thành phố lá mới
Cuộn giấy quần tăng khéo léo 60%,60%,,,Scroll,,Thành phố lá mới
Cuộn giấy quần tăng lực nhảy 60%,60%,,,Scroll,,Thành phố lá mới
Cuộn giấy quần tăng phòng thủ 60%,60%,,,Scroll,,Thành phố lá mới
Cuộn giấy quần tăng sinh lực 60%,60%,,,Scroll,,Thành phố lá mới
Cuộn giấy hoa tai tăng sinh lực 60%,60%,,,Scroll,,Thành phố lá mới
Cuộn giấy găng tay tăng khéo léo 60%,60%,,,Scroll,,Thành phố lá mới
Cuộn giấy mũ tăng sinh lực 60%,60%,,,Scroll,,Thành phố lá mới
Cuộn giấy mũ tăng phòng thủ 60%,60%,,,Scroll,,Thành phố lá mới
(Quỷ) Cuộn giấy áo toàn thân tăng khéo léo 70%,70%,,,Scroll,,Thành phố lá mới
Cuộn giấy áo toàn thân tăng may mắn 60%,60%,,,Scroll,,Thành phố lá mới
Cuộn giấy áo toàn thân tăng phòng thủ 60%,60%,,,Scroll,,Thành phố lá mới
Cuộn giấy áo toàn thân tăng trí tuệ 60%,60%,,,Scroll,,Thành phố lá mới
(Quỷ) Cuộn giấy áo toàn thân tăng trí tuệ 70%,70%,,,Scroll,,Thành phố lá mới
Cuộn giấy giày tăng tốc độ 60%,60%,,,Scroll,,Thành phố lá mới
Cuộn giấy giày tăng khéo léo 60%,60%,,,Scroll,,Thành phố lá mới
Cuộn giấy giày tăng lực nhảy 60%,60%,,,Scroll,,Thành phố lá mới
Cuộn giấy áo tăng sinh lực 60%,60%,,,Scroll,,Thành phố lá mới
Cuộn giấy áo tăng sức mạnh 60%,60%,,,Scroll,,Thành phố lá mới
Advanced Equip Enhancement Scroll,,,,Scroll,,Thành phố lá mới
Phao cứu hộ,Tự vào game xem đi,7,Lười ghi bome,Vũ khí,FULL,Thành phố lá mới
Chổi lau nhà màu hạt dẻ,Tự vào game xem đi,7,Lười ghi bome,Vũ khí,Beginer,Thành phố lá mới
Ván trượt cam,Tự vào game xem đi,7,Lười ghi bome,Vũ khí,FULL,Thành phố lá mới
Ván lướt sóng màu tím,Tự vào game xem đi,7,Lười ghi bome,Vũ khí,FULL,Thành phố lá mới
Kiếm trảm hồn,Tự vào game xem đi,7,Lười ghi bome,Vũ khí,Warrior,Thành phố lá mới
Ghế xanh lục,,,,Chair,,Thành phố lá mới
Ghế hải cẩu xám,,,,Chair,,Thành phố lá mới
Ghế đỏ,,,,Chair,,Thành phố lá mới
Ghế thư giãn vàng,,,,Chair,,Thành phố lá mới
Thuốc tiên,,,,Use,,Làng tuyết
Thuốc tiên lớn,,,,Use,,Làng tuyết
Cuộn giấy nỏ tăng tấn công vật lý 10%,10%,,,Scroll,,Làng tuyết
Cuộn giấy áo choàng tăng nội lực 10%,10%,,,Scroll,,Làng tuyết
Cuộn giấy áo choàng tăng sức mạnh 10%,10%,,,Scroll,,Làng tuyết
Cuộn giấy dao găm tăng tấn công vật lý 10%,10%,,,Scroll,,Làng tuyết
Cuộn giấy găng tay tăng tấn công vật lý 10%,10%,,,Scroll,,Làng tuyết
Cuộn giấy thương tăng tấn công vật lý 10%,10%,,,Scroll,,Làng tuyết
Cuộn giấy búa đơn tăng tấn công vật lý 10%,10%,,,Scroll,,Làng tuyết
Cuộn giấy kiếm đơn tăng tấn công vật lý 10%,10%,,,Scroll,,Làng tuyết
Cuộn giấy búa đôi tăng tấn công vật lý 10%,10%,,,Scroll,,Làng tuyết
Cuộn giấy đại đao tăng tấn công vật lý 10%,10%,,,Scroll,,Làng tuyết
Cuộn giấy trang bị thú cưng tăng lực nhảy 10%,10%,,,Scroll,,Làng tuyết
Cuộn giấy trượng tăng tấn công pháp thuật 10%,10%,,,Scroll,,Làng tuyết
Mũ đen rộng,Tự vào game xem đi,7,Lười ghi bome,Mũ,Thief,Làng tuyết
(Quỷ) Cuộn giấy quần tăng khéo léo 30%,30%,,,Scroll,,Làng tuyết
(Quỷ) Cuộn giấy quần tăng sinh lực 30%,30%,,,Scroll,,Làng tuyết
(Quỷ) Cuộn giấy quần tăng phòng thủ 30%,30%,,,Scroll,,Làng tuyết
(Quỷ) Cuộn giấy cung tăng tấn công vật lý 30%,30%,,,Scroll,,Làng tuyết
(Quỷ) Cuộn giấy áo choàng tăng may mắn 30%,30%,,,Scroll,,Làng tuyết
(Quỷ) Cuộn giấy áo choàng tăng khéo léo 30%,30%,,,Scroll,,Làng tuyết
(Quỷ) Cuộn giấy vuốt tăng tấn công vật lý 30%,30%,,,Scroll,,Làng tuyết
(Quỷ) Cuộn giấy dao găm tăng tấn công vật lý 30%,30%,,,Scroll,,Làng tuyết
(Quỷ) Cuộn giấy nỏ tăng tấn công vật lý 30%,30%,,,Scroll,,Làng tuyết
(Quỷ) Cuộn giấy hoa tai tăng trí tuệ 30%,30%,,,Scroll,,Làng tuyết
(Quỷ) Cuộn giấy găng tay tăng tấn công vật lý 30%,30%,,,Scroll,,Làng tuyết
(Quỷ) Cuộn giấy găng tay tăng tấn công pháp thuật 30%,30%,,,Scroll,,Làng tuyết
(Quỷ) Cuộn giấy súng tăng tấn công vật lý 30%,30%,,,Scroll,,Làng tuyết
(Quỷ) Cuộn giấy găng đấm tăng tấn công vật lý 30%,30%,,,Scroll,,Làng tuyết
(Quỷ) Cuộn giấy rìu đơn tăng tấn công vật lý 30%,30%,,,Scroll,,Làng tuyết
(Quỷ) Cuộn giấy kiếm đơn tăng tấn công vật lý 30%,30%,,,Scroll,,Làng tuyết
(Quỷ) Cuộn giấy kiếm đơn tăng tấn công pháp thuật 30%,30%,,,Scroll,,Làng tuyết
(Quỷ) Cuộn giấy áo toàn thân tăng trí tuệ 30%,30%,,,Scroll,,Làng tuyết
(Quỷ) Cuộn giấy áo toàn thân tăng may mắn 30%,30%,,,Scroll,,Làng tuyết
(Quỷ) Cuộn giấy áo toàn thân tăng sức mạnh 30%,30%,,,Scroll,,Làng tuyết
(Quỷ) Cuộn giấy đại đao tăng tấn công vật lý 30%,30%,,,Scroll,,Làng tuyết
(Quỷ) Cuộn giấy khiên tăng may mắn 30%,30%,,,Scroll,,Làng tuyết
(Quỷ) Cuộn giấy khiên tăng sức mạnh 30%,30%,,,Scroll,,Làng tuyết
(Quỷ) Cuộn giấy khiên tăng tấn công vật lý 30%,30%,,,Scroll,,Làng tuyết
(Quỷ) Cuộn giấy khiên tăng tấn công pháp thuật 30%,30%,,,Scroll,,Làng tuyết
(Quỷ) Cuộn giấy thương tăng tấn công vật lý 30%,30%,,,Scroll,,Làng tuyết
(Quỷ) Cuộn giấy rìu đôi tăng tấn công vật lý 30%,30%,,,Scroll,,Làng tuyết
(Quỷ) Cuộn giấy búa đôi tăng tấn công vật lý 30%,30%,,,Scroll,,Làng tuyết
(Quỷ) Cuộn giấy mũ tăng khéo léo 30%,30%,,,Scroll,,Làng tuyết
Trụ băng,Tự vào game xem đi,,,Phi tiêu,Thief,Làng tuyết
Bóng tuyết,Tự vào game xem đi,,,Phi tiêu,Thief,Làng tuyết
Đầu đạn băng,Tự vào game xem đi,,,Đạn,Priate,Làng tuyết
Hoa tai ngọc lục bảo,Tự vào game xem đi,5,Lười ghi bome,Hoa tai,FULL,Làng tuyết
Hoa tai giọt nắng,Tự vào game xem đi,5,Lười ghi bome,Hoa tai,FULL,Làng tuyết
Hoa tai đỏ đen,Tự vào game xem đi,5,Lười ghi bome,Hoa tai,FULL,Làng tuyết
Hoa tai thập tự,Tự vào game xem đi,5,Lười ghi bome,Hoa tai,FULL,Làng tuyết
Hoa tai sấm sét,Tự vào game xem đi,5,Lười ghi bome,Hoa tai,FULL,Làng tuyết
Hoa tai trái tim đỏ,Tự vào game xem đi,5,Lười ghi bome,Hoa tai,FULL,Làng tuyết
Hoa tai hoa hồng,Tự vào game xem đi,5,Lười ghi bome,Hoa tai,FULL,Làng tuyết
Hoa tai vuông vàng,Tự vào game xem đi,5,Lười ghi bome,Hoa tai,FULL,Làng tuyết
Khăn trùm đầu tím,Tự vào game xem đi,7,Lười ghi bome,Mũ,FULL,Làng tuyết
Áo la mã đen,Tự vào game xem đi,10,Lười ghi bome,Áo toàn thân,Magician,Làng tuyết
Red Viska,Tự vào game xem đi,10,Lười ghi bome,Áo toàn thân,Priate,Làng tuyết
Găng tay lao động xanh,Tự vào game xem đi,5,Lười ghi bome,Găng tay,FULL,Làng tuyết
Găng tay lao động nâu,Tự vào game xem đi,7,Lười ghi bome,Găng tay,FULL,Làng tuyết
Găng tay lao động tím,Tự vào game xem đi,5,Lười ghi bome,Găng tay,FULL,Làng tuyết
Găng tay lao động vàng,Tự vào game xem đi,5,Lười ghi bome,Găng tay,FULL,Làng tuyết
Giày mực ống,Tự vào game xem đi,5,Lười ghi bome,Giày,Priate,Làng tuyết
Xăng đan có quai hậu xanh lục,+SPEED,5,Lười ghi bome,Giày,FULL,Làng tuyết
Áo choàng công lý xanh,Tự vào game xem đi,5,Lười ghi bome,Áo choàng,FULL,Làng tuyết
Áo choàng công lý trắng,Tự vào game xem đi,5,Lười ghi bome,Áo choàng,FULL,Làng tuyết
Áo choàng hành trình vàng,Tự vào game xem đi,8,LV: 50,Áo choàng,FULL,Làng tuyết
Ván trượt tuyết xanh biển,Tự vào game xem đi,7,Lười ghi bome,Vũ khí,FULL,Làng tuyết
Kiếm tre,Tự vào game xem đi,7,Lười ghi bome,Vũ khí,FULL,Làng tuyết
Dù màu be,Tự vào game xem đi,7,Lười ghi bome,Vũ khí,FULL,Làng tuyết
Phao bơi đen,Tự vào game xem đi,7,Lười ghi bome,Vũ khí,FULL,Làng tuyết
Ván trượt tuyết huyết,Tự vào game xem đi,7,Lười ghi bome,Vũ khí,FULL,Làng tuyết
Phao hoa xanh,Tự vào game xem đi,7,Lười ghi bome,Vũ khí,FULL,Làng tuyết
Phao nhiều màu,Tự vào game xem đi,7,Lười ghi bome,Vũ khí,FULL,Làng tuyết
Ván trượt tuyết đen,Tự vào game xem đi,7,Lười ghi bome,Vũ khí,FULL,Làng tuyết
Phao cứu hộ,Tự vào game xem đi,7,Lười ghi bome,Vũ khí,FULL,Làng tuyết
Chảo rán trứng,Tự vào game xem đi,7,Lười ghi bome,Vũ khí,FULL,Làng tuyết
Ván trượt xanh lá,Tự vào game xem đi,7,Lười ghi bome,Vũ khí,FULL,Làng tuyết
Dù lục,Tự vào game xem đi,7,Lười ghi bome,Vũ khí,FULL,Làng tuyết
Roi ánh sáng,Tự vào game xem đi,7,Lười ghi bome,Vũ khí,FULL,Làng tuyết
Dù tím nhạt,Tự vào game xem đi,7,Lười ghi bome,Vũ khí,FULL,Làng tuyết
Phao hoa đỏ,Tự vào game xem đi,7,Lười ghi bome,Vũ khí,FULL,Làng tuyết
Dù đỏ,Tự vào game xem đi,7,Lười ghi bome,Vũ khí,FULL,Làng tuyết
Chổi lau nhà màu trắng,Tự vào game xem đi,7,Lười ghi bome,Vũ khí,FULL,Làng tuyết
Chổi lau nhà màu vàng,Tự vào game xem đi,7,Lười ghi bome,Vũ khí,FULL,Làng tuyết
Đoản kiếm,Tự vào game xem đi,7,Lười ghi bome,Vũ khí,Warrior,Làng tuyết
Rìu cánh dơi,Tự vào game xem đi,7,Lười ghi bome,Vũ khí,Warrior,Làng tuyết
Thương ba đỉnh,Tự vào game xem đi,7,Lười ghi bome,Vũ khí,Warrior,Làng tuyết
Gậy cánh gió,Tự vào game xem đi,7,Lười ghi bome,Vũ khí,Magician,Làng tuyết
Quyền trượng thần bí,Tự vào game xem đi,7,Lười ghi bome,Vũ khí,Magician,Làng tuyết
Gậy dạ lễ,Tự vào game xem đi,7,Lười ghi bome,Vũ khí,Magician,Làng tuyết
Nỏ miền núi,Tự vào game xem đi,7,Lười ghi bome,Vũ khí,Bowman,Làng tuyết
Cung chim ưng,Tự vào game xem đi,7,Lười ghi bome,Vũ khí,Bowman,Làng tuyết
Cung phi trọng lực,Tự vào game xem đi,7,Lười ghi bome,Vũ khí,Bowman,Làng tuyết
Vuốt huyết khổng lồ,Tự vào game xem đi,7,Lười ghi bome,Vũ khí,Thief,Làng tuyết
Móng rồng,Tự vào game xem đi,7,Lười ghi bome,Vũ khí,Thief,Làng tuyết
Vuốt bọ hung xanh lá,Tự vào game xem đi,7,Lười ghi bome,Vũ khí,Thief,Làng tuyết
Vuốt sa-phia khổng lồ,Tự vào game xem đi,7,Lười ghi bome,Vũ khí,Thief,Làng tuyết
Đại đao lưỡi liềm,Tự vào game xem đi,7,Lười ghi bome,Vũ khí,Warrior,Làng tuyết
Rìu nanh bảo,Tự vào game xem đi,7,Lười ghi bome,Vũ khí,Warrior,Làng tuyết
Vuốt tự vệ đen,Tự vào game xem đi,7,Lười ghi bome,Vũ khí,Thief,Làng tuyết
Khiên lá phong,Tự vào game xem đi,10,Lười ghi bome,Khiên,FULL,Làng tuyết
Ghế cừu,,,,Chair,,Làng tuyết
Cuộn giấy dao găm tăng tấn công vật lý 60%,60%,,,Scroll,,Làng tuyết
Cuộn giấy hoa tai tăng trí tuệ 60%,60%,,,Scroll,,Làng tuyết
Cuộn giấy găng tay tăng tấn công vật lý 60%,60%,,,Scroll,,Làng tuyết
Cuộn giấy rìu đơn tăng tấn công vật lý 60%,60%,,,Scroll,,Làng tuyết
Cuộn giấy thương tăng tấn công vật lý 60%,60%,,,Scroll,,Làng tuyết
Cuộn giấy búa đơn tăng tấn công vật lý 60%,60%,,,Scroll,,Làng tuyết
Cuộn giấy kiếm đơn tăng tấn công vật lý 60%,60%,,,Scroll,,Làng tuyết
Cuộn giấy búa đôi tăng tấn công vật lý 60%,60%,,,Scroll,,Làng tuyết
Cuộn giấy trượng tăng tấn công pháp thuật 60%,60%,,,Scroll,,Làng tuyết
Cuộn giấy gậy phép tăng tấn công pháp thuật 60%,60%,,,Scroll,,Làng tuyết
Advanced Equip Enhancement Scroll,,,,Scroll,,Làng tuyết
Mũ khúc côn cầu tím,Tự vào game xem đi,7,Lười ghi bome,Mũ,FULL,Làng tuyết
Giày đi trên tuyết tím,+SPEED,7,Lười ghi bome,Giày,FULL,Làng tuyết
Áo choàng hành trình tím,+M.ATT,5,LV: 50,Áo choàng,FULL,Làng tuyết
Dù đen,Tự vào game xem đi,7,"LV: 70
All: +6",Vũ khí,FULL,Làng tuyết
Cung cánh đen,Tự vào game xem đi,7,Lười ghi bome,Vũ khí,Bowman,Làng tuyết
Nỏ ngầm vàng,Tự vào game xem đi,7,Lười ghi bome,Vũ khí,Bowman,Làng tuyết
Gậy phép ngọc lửa,Tự vào game xem đi,7,Lười ghi bome,Vũ khí,Magician,Làng tuyết
Gậy lửa,Tự vào game xem đi,7,Lười ghi bome,Vũ khí,Magician,Làng tuyết
Ghế gấu bắc cực ấm áp,,,,Chair,,Làng tuyết
Giày đi trên tuyết vàng,Tự vào game xem đi,7,Lười ghi bome,Giày,FULL,Làng tuyết
Rìu đôi,Tự vào game xem đi,7,Lười ghi bome,Vũ khí,FULL,Làng tuyết
Thuốc tiên,,,,Use,,Singapore
Phô mai tan,,,,Use,,Singapore
thuốc tiên lớn,,,,Use,,Singapore
Dưa hấu,,,,Use,,Singapore
Cuộn giấy quần tăng khéo léo 10%,10%,,,Scroll,,Singapore
Cuộn giấy quần tăng lực nhảy 10%,10%,,,Scroll,,Singapore
Cuộn giấy quần tăng phòng thủ 10%,10%,,,Scroll,,Singapore
Cuộn giấy quần tăng sinh lực 10%,10%,,,Scroll,,Singapore
Cuộn giấy áo choàng tăng phòng thủ pháp thuật 100%,100%,,,Scroll,,Singapore
Cuộn giấy hoa tai tăng phòng thủ 10%,10%,,,Scroll,,Singapore
Cuộn giấy hoa tai tăng khéo léo 100%,100%,,,Scroll,,Singapore
Cuộn giấy hoa tai tăng trí tuệ 100%,100%,,,Scroll,,Singapore
Cuộn giấy mắt kính tăng chính xác 100%,100%,,,Scroll,,Singapore
Cuộn giấy mắt kính tăng trí tuệ 100%,100%,,,Scroll,,Singapore
Cuộn giấy phụ kiện mặt tăng né tránh 100%,100%,,,Scroll,,Singapore
Cuộn giấy phụ kiện mặt tăng sinh lực 100%,100%,,,Scroll,,Singapore
Cuộn giấy găng tay tăng khéo léo 10%,10%,,,Scroll,,Singapore
Cuộn giấy găng tay tăng sinh lực 100%,100%,,,Scroll,,Singapore
Cuộn giấy găng tay tăng tấn công pháp thuật 10%,10%,,,Scroll,,Singapore
Cuộn giấy mũ tăng chính xác 10%,10%,,,Scroll,,Singapore
Cuộn giấy mũ tăng phòng thủ 10%,10%,,,Scroll,,Singapore
Cuộn giấy mũ tăng sinh lực 10%,10%,,,Scroll,,Singapore
Cuộn giấy mũ tăng khéo léo 100%,100%,,,Scroll,,Singapore
Cuộn giấy mũ tăng trí tuệ 100%,100%,,,Scroll,,Singapore
Cuộn giấy kiếm đơn tăng tấn pháp thuật 10%,10%,,,Scroll,,Singapore
Cuộn giấy áo toàn thân tăng phòng thủ 10%,10%,,,Scroll,,Singapore
Cuộn giấy áo toàn thân tăng phòng thủ 100%,100%,,,Scroll,,Singapore
Cuộn giấy áo toàn thân tăng khéo léo 100%,100%,,,Scroll,,Singapore
Cuộn giấy áo toàn thân tăng may mắn 10%,10%,,,Scroll,,Singapore
Cuộn giấy áo toàn thân tăng sức mạnh 10%,10%,,,Scroll,,Singapore
Cuộn giấy khiên tăng phòng thủ 100%,100%,,,Scroll,,Singapore
Cuộn giấy khiên tăng sinh lực 100%,100%,,,Scroll,,Singapore
Cuộn giấy khiên tăng may mắn 10%,10%,,,Scroll,,Singapore
Cuộn giấy khiên tăng tấn công pháp thuật 100%,100%,,,Scroll,,Singapore
Cuộn giấy khiên tăng sức mạnh 100%,100%,,,Scroll,,Singapore
Cuộn giấy giày tăng tốc độ 10%,10%,,,Scroll,,Singapore
Cuộn giấy giày tăng khéo léo 10%,10%,,,Scroll,,Singapore
Cuộn giấy giày tăng lực nhảy 10%,10%,,,Scroll,,Singapore
Cuộn giấy áo tăng sinh lực 10%,10%,,,Scroll,,Singapore
Cuộn giấy áo tăng sức mạnh 10%,10%,,,Scroll,,Singapore
Dark scroll for Hand Cannon for ATT 30%,30%,,,Scroll,,Singapore
Hoa tai ngọc đen,+MP,5,Lười ghi bome,Hoa tai,FULL,Singapore
Mũ học việc xanh,Tự vào game xem đi,7,Lười ghi bome,Mũ,Magician,Singapore
Mũ thợ săn đen,Tự vào game xem đi,7,Lười ghi bome,Mũ,Bowman,Singapore
Mũ trùm đầu nhãn đen,Tự vào game xem đi,7,Lười ghi bome,Mũ,Thief,Singapore
Khăn trùm đầu nâu,Tự vào game xem đi,7,Lười ghi bome,Mũ,FULL,Singapore
Áo giáp tướng quân đen,Tự vào game xem đi,7,Lười ghi bome,Áo,Warrior,Singapore
Áo hộp xanh đen,Tự vào game xem đi,7,Lười ghi bome,Áo,Bowman,Singapore
Áo đạo tặc đen,Tự vào game xem đi,7,Lười ghi bome,Áo,Thief,Singapore
Áo đạo tặc sẫm,Tự vào game xem đi,7,Lười ghi bome,Áo,Thief,Singapore
Váy thượng sĩ sẫm,Tự vào game xem đi,7,Lười ghi bome,Quần,Warrior,Singapore
Quần nữ thợ săn đen,Tự vào game xem đi,7,Lười ghi bome,Quần,Bowman,Singapore
Quần một ống đỏ,Tự vào game xem đi,7,Lười ghi bome,Quần,Thief,Singapore
Váy hải tặc sẫm,Tự vào game xem đi,7,Lười ghi bome,Quần,Thief,Singapore
Quần bó gối đen,Tự vào game xem đi,7,Lười ghi bome,Quần,Thief,Singapore
Bộ áp thập tự quân đen,Tự vào game xem đi,10,Lười ghi bome,Áo toàn thân,Warrior,Singapore
Bộ rồng đen,Tự vào game xem đi,10,Lười ghi bome,Áo toàn thân,Warrior,Singapore
Bộ áo ác quỷ đen,Tự vào game xem đi,10,Lười ghi bome,Áo toàn thân,Magician,Singapore
Bộ trăng ma thuật đen,Tự vào game xem đi,10,Lười ghi bome,Áo toàn thân,Magician,Singapore
Áo ánh sao đen,Tự vào game xem đi,10,Lười ghi bome,Áo toàn thân,Magician,Singapore
Găng tay lao động đỏ,Tự vào game xem đi,5,Lười ghi bome,Găng tay,FULL,Singapore
Áo choàng hành trình vàng,Tự vào game xem đi,8,LV: 50,Áo choàng,FULL,Singapore
Áo choàng hành trình nâu,Tự vào game xem đi,5,Lười ghi bome,Áo choàng,FULL,Singapore
Duck tube,Tự vào game xem đi,7,Lười ghi bome,Vũ khí,FULL,Singapore
Lifeguard saver,Tự vào game xem đi,7,Lười ghi bome,Vũ khí,FULL,Singapore
Đèn lễ maple,Trông đẹp đấy,7,Lười ghi bome,Vũ khí,FULL,Singapore
Phao hoa đỏ,Tự vào game xem đi,7,Lười ghi bome,Vũ khí,FULL,Singapore
Cột đèn đường,Tự vào game xem đi,7,Lười ghi bome,Vũ khí,FULL,Singapore
Thương bí đỏ,Tự vào game xem đi,7,Lười ghi bome,Vũ khí,FULL,Singapore
Búa tạ,Tự vào game xem đi,7,Lười ghi bome,Vũ khí,Warrior,Singapore
Kiếm đồ chơi,Tự vào game xem đi,7,Lười ghi bome,Vũ khí,Warrior,Singapore
Kiếm nhật đỏ,Tự vào game xem đi,7,Lười ghi bome,Vũ khí,Warrior,Singapore
Phi tiêu hỏa tinh,Tự vào game xem đi,,,Phi tiêu,Thief,Singapore
Phi tiêu pha lê,Tự vào game xem đi,,,Phi tiêu,Thief,Singapore
Đạn vĩnh cửu,Tự vào game xem đi,,,Đạn,Priate,Singapore
Cuộn giấy quần tăng lực nhảy 60%,60%,,,Scroll,,Singapore
Cuộn giấy áo choàng tăng sinh lực 60%,60%,,,Scroll,,Singapore
Cuộn giấy áo choàng tăng trí tuệ 60%,60%,,,Scroll,,Singapore
Cuộn giấy áo choàng tăng khéo léo 60%,60%,,,Scroll,,Singapore
Cuộn giấy áo choàng tăng may mắn 60%,60%,,,Scroll,,Singapore
Cuộn giấy áo choàng tăng sức mạnh 60%,60%,,,Scroll,,Singapore
Cuộn giấy áo choàng tăng phòng thủ vật lý 60%,60%,,,Scroll,,Singapore
Cuộn giấy áo choàng tăng nội lực 60%,60%,,,Scroll,,Singapore
Cuộn giấy hoa tai tăng sinh lực 60%,60%,,,Scroll,,Singapore
Cuộn giấy hoa tai tăng may mắn 60%,60%,,,Scroll,,Singapore
Cuộn giấy áo toàn thân tăng khéo léo 60%,60%,,,Scroll,,Singapore
Cuộn giấy khiên tăng tấn công vật lý 60%,60%,,,Scroll,,Singapore
Cuộn giấy áo tăng may mắn 60%,60%,,,Scroll,,Singapore
Cuộn giấy áo tăng phòng thủ 60%,60%,,,Scroll,,Singapore
Advanced Equip Enhancement Scroll,,,,Scroll,,Singapore
Mặt nạ buồn,Tự vào game xem đi,7,Lười ghi bome,Phụ kiện mặt,FULL,Singapore
Mặt nạ gấu mèo trắng,Tự vào game xem đi,7,Lười ghi bome,Mắt kính,FULL,Singapore
Mũ khúc côn cầu đen,Tự vào game xem đi,10,Lười ghi bome,Mũ,FULL,Singapore
Găng tay lao động nâu,Tự vào game xem đi,7,Lười ghi bome,Găng tay,FULL,Singapore
Áo choàng hành trình hồng,+ATT,5,LV: 50,Áo choàng,FULL,Singapore
Áo choàng hành trình tím,+M.ATT,5,LV: 50,Áo choàng,FULL,Singapore
Gậy pháp thuật,Tự vào game xem đi,7,Lười ghi bome,Vũ khí,Magician,Singapore
Gậy sét,Tự vào game xem đi,7,LV: 103,Vũ khí,Magician,Singapore
Gậy vua quỷ,Tự vào game xem đi,7,Lười ghi bome,Vũ khí,Magician,Singapore
Ghế tình yêu,,,,Chair,,Singapore